BER_SPO1/18/11,BER_SPO2/18/11,OSNR_SPO1/18/11,OSNR_SPO2/18/11,Ampli1_InputPower,Ampli1_OutputPower,Ampli2_InputPower,Ampli2_OutputPower,Ampli3_InputPower,Ampli3_OutputPower,Ampli4_InputPower,Ampli4_OutputPower,LT
-17.18230651,-17.50039799,32.8,28.6,-11.2,3.9,-11.1,4,-12.7,2.6,-12.3,3,0
-16.9099588,-17.56201912,31.7,29.8,-11.2,3.9,-11.1,4,-12.7,2.6,-12.3,3,0
-16.87524816,-17.5369132,34.8,30.1,-11.2,3.9,-11.1,4,-12.7,2.6,-12.3,3,0
-16.90335812,-17.56201912,34.3,29.5,-11.2,3.9,-11.1,4,-12.7,2.6,-12.3,3,0
-16.87524816,-17.51242218,33.9,31.5,-11.2,3.9,-11.1,4,-12.7,2.6,-12.3,3,0
-16.91882804,-17.55779079,34.7,29.6,-11.3,3.9,-11.1,4,-12.7,2.6,-12.3,3,0
-16.88596638,-17.48851666,32.7,30,-11.2,3.9,-11.1,4,-12.7,2.6,-12.3,3,0
-16.87311824,-17.56201912,33.9,29.1,-11.2,3.9,-11.1,4,-12.7,2.6,-12.3,3,0
-16.86253613,-17.58777162,34.1,29.9,-11.2,3.9,-11.1,4,-12.7,2.6,-12.3,3,0
-16.88381352,-17.5286827,34.6,29.1,-11.3,3.9,-11.1,4,-12.7,2.6,-12.3,3,0
-16.87952167,-17.5369132,33.8,29.2,-11.2,3.9,-11.1,4,-12.7,2.6,-12.3,3,0
-16.87099284,-17.57911356,34.4,29.3,-11.3,3.9,-11.1,4,-12.7,2.6,-12.3,3,0
-16.85833444,-17.52459272,33.1,29.3,-11.3,3.9,-11.1,4,-12.7,2.6,-12.3,3,0
-16.88596638,-17.5369132,34.3,30.5,-11.2,3.9,-11.1,4,-12.7,2.6,-12.3,3,0
-16.87524816,-17.54521201,34.7,29.5,-11.2,3.9,-11.1,4,-12.7,2.6,-12.3,3,0
-16.82129317,-17.50839803,32.5,29.9,-11.3,3.9,-11.1,4,-12.7,2.6,-12.3,3,0
-16.87738263,-17.54521201,32.9,30.5,-11.3,3.9,-11.1,4,-12.7,2.6,-12.3,3,0
-16.57380198,-17.57052981,33.3,29.7,-11.3,3.9,-11.1,4,-12.7,2.6,-12.3,3,0
-16.88596638,-17.52459272,32,29.5,-11.2,3.9,-11.1,4,-12.7,2.6,-12.3,3,0
-17.12869706,-17.51242218,33.7,29.3,-11.3,3.9,-11.1,4,-12.7,2.6,-12.3,3,0
-16.83553552,-17.52051939,32.3,29.6,-11.2,3.9,-11.1,4,-12.7,2.6,-12.3,3,0
-16.84998366,-17.52459272,33.8,30.2,-11.3,3.9,-11.1,4,-12.7,2.6,-12.3,3,0
-16.83348844,-17.5369132,33.6,29.5,-11.3,3.9,-11.1,4,-12.7,2.6,-12.3,3,0
-16.84376602,-17.51646259,32.1,28.7,-11.2,3.9,-11.1,4,-12.7,2.6,-12.3,3,0
-16.8562402,-17.541054,32.5,30,-11.3,3.9,-11.1,4,-12.7,2.6,-12.3,3,0
-16.85206483,-17.54938738,33.6,29.3,-11.2,3.9,-11.1,4,-12.7,2.6,-12.3,3,0
-16.8294068,-17.52459272,32.9,30.1,-11.2,3.9,-11.1,4,-12.7,2.6,-12.3,3,0
-16.86675554,-17.5369132,34.7,30.5,-11.3,3.9,-11.1,4,-12.7,2.6,-12.3,3,0
-16.86253613,-17.56201912,33.7,29.3,-11.2,3.9,-11.1,4,-12.7,2.6,-12.3,3,0
-16.83144554,-17.48851666,31.5,29.5,-11.3,3.9,-11.1,4,-12.7,2.6,-12.3,3,0
-16.8294068,-17.52459272,32.3,29.1,-11.2,3.9,-11.1,4,-12.7,2.6,-12.3,3,0
-16.80327466,-17.53278949,32.2,28.8,-11.3,3.9,-11.1,4,-12.7,2.6,-12.3,3,0
-16.80924483,-17.50839803,34.1,29.5,-11.3,3.9,-11.1,4,-12.7,2.6,-12.3,3,0
-16.80725081,-17.4651693,31.7,29.4,-11.2,3.9,-11.1,4,-12.7,2.6,-12.3,3,0
-16.86464361,-17.54521201,33.6,29,-11.3,3.9,-11.1,4,-12.7,2.6,-12.3,3,0
-16.84376602,-17.50039799,34.3,30.3,-11.2,3.9,-11.1,4,-12.7,2.6,-12.3,3,0
-16.82737221,-17.52459272,32.8,29.2,-11.3,3.9,-11.1,4,-12.7,2.6,-12.3,3,0
-16.8294068,-17.5286827,34,29.6,-11.2,3.9,-11.1,4,-12.7,2.6,-12.3,3,0
-17.1509202,-17.5286827,34.4,29.2,-11.3,3.9,-11.1,4,-12.7,2.6,-12.3,3,0
-16.84790682,-17.52459272,33.6,29.3,-11.2,3.9,-11.1,4,-12.7,2.6,-12.3,3,0
-16.8562402,-17.55779079,32.9,29.4,-11.3,3.9,-11.1,4,-12.7,2.6,-12.3,3,0
-16.88381352,-17.5286827,33.9,30.1,-11.2,3.9,-11.1,4,-12.7,2.6,-12.3,3,0
-16.85415033,-17.541054,32.2,29.9,-11.3,3.9,-11.1,4,-12.7,2.6,-12.3,3,0
-16.86043308,-17.54521201,33.9,29.1,-11.3,3.9,-11.1,4,-12.7,2.6,-12.3,3,0
-16.90775373,-17.541054,34.1,29.4,-11.2,3.9,-11.1,4,-12.7,2.6,-12.3,3,0
-16.88596638,-17.541054,34.2,29.4,-11.3,3.9,-11.1,4,-12.7,2.6,-12.3,3,0
-16.89245289,-17.83289408,34.2,29.5,-11.2,3.9,-11.1,4,-12.7,2.6,-12.3,3,0
-16.91438359,-17.52459272,34.4,29.1,-11.3,3.9,-11.1,4,-12.7,2.6,-12.3,3,0
-16.88381352,-17.52459272,32.8,30.2,-11.2,3.9,-11.1,4,-12.7,2.6,-12.3,3,0
-16.83964231,-17.52459272,34.8,29.6,-11.3,3.9,-11.1,4,-12.7,2.6,-12.3,3,0
-16.84170204,-17.54521201,34.2,30.6,-11.2,3.9,-11.1,4,-12.7,2.6,-12.3,3,0
-16.83964231,-17.56626542,33.5,29.1,-11.3,3.9,-11.1,4,-12.7,2.6,-12.3,3,0
-16.8172609,-17.50839803,32.7,29.7,-11.3,3.9,-11.1,4,-12.7,2.6,-12.3,3,0
-16.84376602,-17.52459272,33.5,29.6,-11.2,3.9,-11.1,4,-12.7,2.6,-12.3,3,0
-16.9099588,-17.56626542,31.5,30.9,-11.3,3.9,-11.1,4,-12.7,2.6,-12.3,3,0
-16.84790682,-17.51242218,34.5,28.9,-11.3,3.9,-11.1,4,-12.7,2.6,-12.3,3,0
-16.82129317,-17.54521201,34.1,29,-11.2,3.9,-11.1,4,-12.7,2.6,-12.3,3,0
-16.85206483,-17.57911356,32.8,29.7,-11.2,3.9,-11.1,4,-12.7,2.6,-12.3,3,0
-16.87952167,-17.54938738,31.8,28.8,-11.2,3.9,-11.1,4,-12.7,2.6,-12.3,3,0
-16.84376602,-17.51646259,34,30,-11.2,3.9,-11.1,4,-12.7,2.6,-12.3,3,0
-16.84170204,-17.57481248,32.6,29,-11.3,3.9,-11.1,4,-12.7,2.6,-12.3,3,0
-16.8562402,-17.56201912,33,29.8,-11.2,3.9,-11.1,4,-12.7,2.6,-12.3,3,0
-16.8012925,-17.5369132,33.2,29.8,-11.2,3.9,-11.1,4,-12.7,2.6,-12.3,3,0
-16.80327466,-17.48067349,32.9,30.2,-11.2,3.9,-11.1,4,-12.7,2.6,-12.3,3,0
-16.83758681,-17.5369132,33.9,29.6,-11.2,3.9,-11.1,4,-12.7,2.6,-12.3,3,0
-16.8294068,-17.84406738,31.4,29.4,-11.2,3.9,-11.1,4,-12.7,2.6,-12.3,3,0
-16.81324483,-17.55779079,32.7,30.7,-11.3,3.9,-11.1,4,-12.7,2.6,-12.3,3,0
-16.83964231,-17.55779079,33.2,29.5,-11.3,3.9,-11.1,4,-12.7,2.6,-12.3,3,0
-16.85833444,-17.5286827,33.9,29.3,-11.2,3.9,-11.1,4,-12.7,2.6,-12.3,3,0
-16.84376602,-17.53278949,32.1,30,-11.2,3.9,-11.1,4,-12.7,2.6,-12.3,3,0
-16.8562402,-17.5286827,34,30.8,-11.2,3.9,-11.1,4,-12.7,2.6,-12.3,3,0
-17.1314481,-17.56201912,31.6,28.8,-11.3,3.9,-11.1,4,-12.7,2.6,-12.3,3,0
-16.84376602,-17.50839803,34,29.3,-11.3,3.9,-11.1,4,-12.7,2.6,-12.3,3,0
-16.84170204,-17.52051939,33.9,28.9,-11.2,3.9,-11.1,4,-12.7,2.6,-12.3,3,0
-16.89462444,-17.82184424,34.3,28.9,-11.2,3.9,-11.1,4,-12.7,2.6,-12.3,3,0
-16.83758681,-17.50439001,34.4,29.7,-11.2,3.9,-11.1,4,-12.7,2.6,-12.3,3,0
-16.86043308,-17.55779079,33.4,29.8,-11.2,3.9,-11.1,4,-12.7,2.6,-12.3,3,0
-16.86464361,-17.57052981,34,29.5,-11.2,3.9,-11.1,4,-12.7,2.6,-12.3,3,0
-16.87524816,-17.541054,31.8,30.7,-11.2,3.9,-11.1,4,-12.7,2.6,-12.3,3,0
-16.86464361,-17.541054,34.1,29.1,-11.2,3.9,-11.1,4,-12.7,2.6,-12.3,3,0
-16.8562402,-17.55779079,34.2,29.4,-11.2,3.9,-11.1,4,-12.7,2.6,-12.3,3,0
-16.87952167,-17.58343322,33.2,28.8,-11.2,3.9,-11.1,4,-12.7,2.6,-12.3,3,0
-16.87311824,-17.541054,31.9,30,-11.2,3.9,-11.1,4,-12.7,2.6,-12.3,3,0
-16.89680072,-17.56626542,32,29.4,-11.3,3.9,-11.1,4,-12.7,2.6,-12.3,3,0
-16.8816653,-17.56626542,34.5,29.6,-11.3,3.9,-11.1,4,-12.7,2.6,-12.3,3,0
-17.15938287,-17.55358026,33.9,29.4,-11.3,3.9,-11.1,4,-12.7,2.6,-12.3,3,0
-16.83348844,-17.56201912,33.2,29.1,-11.3,3.9,-11.1,4,-12.7,2.6,-12.3,3,0
-16.86675554,-17.50839803,34.7,29,-11.2,3.9,-11.1,4,-12.7,2.6,-12.3,3,0
-16.84583428,-17.55358026,32.8,30.4,-11.3,3.9,-11.1,4,-12.7,2.6,-12.3,3,0
-16.82534176,-17.55358026,34.3,29.8,-11.3,3.9,-11.1,4,-12.7,2.6,-12.3,3,0
-16.84998366,-17.51242218,33.7,29.8,-11.2,3.9,-11.1,4,-12.7,2.6,-12.3,3,0
-16.86464361,-17.56201912,33.8,29.7,-11.3,3.9,-11.1,4,-12.7,2.6,-12.3,3,0
-16.80924483,-17.52051939,32.2,29.1,-13.8,1.5,-13.5,1.6,-15.1,0.7,-14.2,1.2,1
-10.82756351,-17.51646259,33.3,29.2,-13.8,1.4,-13.5,1.6,-15,0.7,-14.2,1.2,1
-9.168540296,-17.54938738,19,28.9,-13.8,1.4,-13.5,1.6,-15.1,0.7,-14.2,1.2,1
-9.156599625,-17.49246144,19,28.8,-13.8,1.4,-13.5,1.6,-15.1,0.7,-14.2,1.2,1
-9.169148526,-17.47289135,19,30.1,-13.8,1.4,-13.5,1.6,-15.1,0.7,-14.2,1.2,1
-9.175248363,-17.49642184,19,29.9,-13.8,1.5,-13.5,1.6,-15.1,0.7,-14.2,1.2,1
-9.16418224,-17.46133052,19,29.3,-13.8,1.5,-13.5,1.6,-15,0.7,-14.2,1.2,1
-9.448952954,-17.48067349,19,29,-13.8,1.4,-13.5,1.6,-15,0.7,-14.2,1.2,1
-9.170815859,-17.50439001,18.8,29.4,-13.8,1.4,-13.5,1.6,-15.1,0.7,-14.2,1.2,1
-9.16870335,-17.46902287,19.1,30.6,-13.8,1.5,-13.5,1.6,-15.1,0.7,-14.2,1.2,1
-9.161300715,-17.48458738,19,29.4,-13.8,1.5,-13.5,1.6,-15.1,0.7,-14.2,1.2,1
-9.173538929,-17.50439001,19.1,29.1,-13.8,1.4,-13.5,1.6,-15.1,0.7,-14.2,1.2,1
-9.172075885,-17.47289135,19.1,30.1,-13.8,1.4,-13.5,1.6,-15.1,0.7,-14.2,1.2,1
-9.15833728,-17.47289135,19,30.2,-13.8,1.4,-13.5,1.6,-15.1,0.7,-14.2,1.2,1
-9.16450409,-17.49246144,19,28.6,-13.8,1.4,-13.5,1.6,-15.1,0.7,-14.2,1.2,1
-9.172626563,-17.48067349,19,29.3,-13.8,1.4,-13.5,1.6,-15,0.7,-14.2,1.2,1
-9.166390474,-17.48851666,19,29.8,-13.8,1.5,-13.5,1.6,-15.1,0.7,-14.2,1.2,1
-9.175538059,-17.50039799,19.1,29.6,-13.8,1.4,-13.5,1.6,-15.1,0.7,-14.2,1.2,1
-9.176699621,-17.4651693,19.2,29.3,-13.8,1.5,-13.5,1.6,-15.1,0.7,-14.2,1.2,1
-9.16204271,-17.49246144,19.1,30.2,-11.3,3.9,-11.1,4,-12.7,2.6,-12.3,3,0
-9.752409015,-17.43113955,20.3,29.7,-11.3,3.9,-11.1,4,-12.7,2.6,-12.3,3,0
-16.79931426,-17.46133052,32.6,29,-11.2,3.9,-11.1,4,-12.7,2.6,-12.3,3,0
-16.8012925,-17.50039799,30.8,30.8,-11.2,3.9,-11.1,4,-12.7,2.6,-12.3,3,0
-16.81324483,-17.42373211,31.4,29.9,-11.2,3.9,-11.1,4,-12.7,2.6,-12.3,3,0
-16.82534176,-17.4536969,34.6,30.5,-11.2,3.9,-11.1,4,-12.7,2.6,-12.3,3,0
-16.83553552,-17.48067349,32.1,30.1,-11.2,3.9,-11.1,4,-12.7,2.6,-12.3,3,0
-16.75865038,-17.43486395,33.9,29.7,-11.2,3.9,-11.1,4,-12.7,2.6,-12.3,3,0
-16.74920744,-17.44235462,32.8,31,-11.3,3.9,-11.1,4,-12.7,2.6,-12.3,3,0
-16.84790682,-17.50439001,33.2,29.8,-11.3,3.9,-11.1,4,-12.7,2.6,-12.3,3,0
-16.87099284,-17.7375839,32.2,30,-11.3,3.9,-11.1,4,-12.7,2.6,-12.3,3,0
-16.84790682,-17.4536969,32.2,29.6,-11.2,3.9,-11.1,4,-12.7,2.6,-12.3,3,0
-16.8816653,-17.47677485,34.2,29.8,-11.2,3.9,-11.1,4,-12.7,2.6,-12.3,3,0
-16.91882804,-17.44235462,32.6,30,-11.3,3.9,-11.1,4,-12.7,2.6,-12.3,3,0
-16.89028604,-17.43860227,34.7,29.7,-11.2,3.9,-11.1,4,-12.7,2.6,-12.3,3,0
-16.89898175,-17.43486395,34.3,29.7,-11.2,3.9,-11.1,4,-12.7,2.6,-12.3,3,0
-16.91216875,-17.39463915,32.8,29.3,-11.3,3.9,-11.1,4,-12.7,2.6,-12.3,3,0
-16.88381352,-17.43860227,31.7,30.3,-11.2,3.9,-11.1,4,-12.7,2.6,-12.3,3,0
-16.83964231,-17.43113955,34.1,29.1,-11.2,3.9,-11.1,4,-12.7,2.6,-12.3,3,0
-16.88596638,-17.37687669,33.5,28.8,-11.2,3.9,-11.1,4,-12.7,2.6,-12.3,3,0
-16.8562402,-17.46902287,32.8,28.7,-11.3,3.9,-11.1,4,-12.7,2.6,-12.3,3,0
-16.8294068,-17.35597001,32.2,29.8,-11.2,3.9,-11.1,4,-12.7,2.6,-12.3,3,0
-16.83144554,-17.39822982,33.8,30,-11.2,3.9,-11.1,4,-12.7,2.6,-12.3,3,0
-16.84376602,-17.4536969,33.6,29.8,-11.2,3.9,-11.1,4,-12.7,2.6,-12.3,3,0
-16.8012925,-17.38749626,32.1,31.3,-11.2,3.9,-11.1,4,-12.7,2.6,-12.3,3,0
-16.81324483,-17.35942424,33.4,29.3,-11.2,3.9,-11.1,4,-12.7,2.6,-12.3,3,0
-17.0726076,-17.4461211,34.6,30.2,-11.2,3.9,-11.1,4,-12.7,2.6,-12.3,3,0
-16.77587569,-17.35252766,33.2,29.3,-11.2,3.9,-11.1,4,-12.7,2.6,-12.3,3,0
-16.8294068,-17.40183342,34.8,31.2,-11.3,3.9,-11.1,4,-12.7,2.6,-12.3,3,0
-16.84583428,-17.72753356,33.8,29.5,-11.3,3.9,-11.1,4,-12.7,2.6,-12.3,3,0
-16.83553552,-17.39106133,34.6,28.9,-11.2,3.9,-11.1,4,-12.7,2.6,-12.3,3,0
-16.83758681,-17.40907983,33.9,29.7,-11.2,3.9,-11.1,4,-12.7,2.6,-12.3,3,0
-16.86887194,-17.44235462,31.6,28.9,-11.3,3.9,-11.1,4,-12.7,2.6,-12.3,3,0
-16.8562402,-17.41272282,33.2,31.1,-11.3,3.9,-11.1,4,-12.7,2.6,-12.3,3,0
-16.80725081,-17.44990183,34.1,29.2,-11.2,3.9,-11.1,4,-12.7,2.6,-12.3,3,0
-16.79733993,-17.44990183,34.6,29.6,-11.2,3.9,-11.1,4,-12.7,2.6,-12.3,3,0
-16.83144554,-17.43113955,32.7,30.2,-11.2,3.9,-11.1,4,-12.7,2.6,-12.3,3,0
-16.77202212,-17.41637913,32.1,29.3,-11.2,3.9,-11.1,4,-12.7,2.6,-12.3,3,0
-16.79340291,-17.44235462,31.4,29.2,-13.8,1.5,-13.5,1.6,-15.1,0.7,-14.2,1.2,1
-9.211302835,-17.42004886,19.1,28.7,-13.8,1.5,-13.5,1.6,-15,0.7,-14.2,1.2,1
-9.186318228,-17.39463915,19,29.2,-13.8,1.5,-13.5,1.6,-15.1,0.7,-14.2,1.2,1
-9.172864449,-17.35942424,19,31,-13.8,1.5,-13.5,1.6,-15.1,0.7,-14.2,1.2,1
-9.179530896,-17.40907983,19,30,-13.8,1.4,-13.5,1.6,-15.1,0.7,-14.2,1.2,1
-9.182018256,-17.69313214,18.9,29.8,-13.8,1.4,-13.5,1.6,-15.1,0.7,-14.2,1.2,1
-9.176873682,-17.37687669,19,29.3,-13.8,1.5,-13.5,1.6,-15.1,0.7,-14.2,1.2,1
-9.191986833,-17.36636871,19,29.3,-13.8,1.4,-13.5,1.6,-15,0.7,-14.2,1.2,1
-9.193661245,-17.43486395,19.1,29.6,-13.8,1.4,-13.5,1.6,-15,0.7,-14.2,1.2,1
-9.178511333,-17.42373211,19,29.6,-13.8,1.4,-13.5,1.6,-15,0.7,-14.2,1.2,1
-9.178124908,-17.36289045,19,30.2,-13.8,1.5,-13.5,1.6,-15,0.7,-14.2,1.2,1
-9.182349789,-17.41272282,19.1,29.1,-13.8,1.5,-13.5,1.6,-15.1,0.7,-14.2,1.2,1
-9.173340392,-17.38394386,19,28.3,-13.8,1.5,-13.5,1.6,-15.1,0.7,-14.2,1.2,1
-9.162369591,-17.35597001,19,29.4,-13.8,1.5,-13.5,1.6,-15.1,0.7,-14.2,1.2,1
-9.175917689,-17.40545006,19,29.5,-13.8,1.5,-13.5,1.6,-15,0.7,-14.2,1.2,1
-9.171996967,-17.36636871,18.9,29.7,-13.8,1.5,-13.5,1.6,-15,0.7,-14.2,1.2,1
-9.169667829,-17.38749626,19,29.3,-13.8,1.5,-13.5,1.6,-15.1,0.7,-14.2,1.2,1
-9.165978092,-17.41272282,19,29.4,-13.8,1.4,-13.5,1.6,-15.1,0.7,-14.2,1.2,1
-9.164540388,-17.43113955,19,30.1,-11.3,3.9,-11.1,4,-12.7,2.6,-12.3,3,0
-9.407785719,-17.36985912,19,28.7,-11.2,3.9,-11.1,4,-12.7,2.6,-12.3,3,0
-16.87099284,-17.35597001,32.5,29.9,-11.2,3.9,-11.1,4,-12.7,2.6,-12.3,3,0
-17.12869706,-17.41637913,33.8,30.3,-11.2,3.9,-11.1,4,-12.7,2.6,-12.3,3,0
-16.87524816,-17.36636871,34,30.2,-11.3,3.9,-11.1,4,-12.7,2.6,-12.3,3,0
-16.87738263,-17.39822982,33.8,29.4,-11.2,3.9,-11.1,4,-12.7,2.6,-12.3,3,0
-16.88812388,-17.38394386,35,29.4,-11.2,3.9,-11.1,4,-12.7,2.6,-12.3,3,0
-16.87738263,-17.31542391,32,30.6,-11.2,3.9,-11.1,4,-12.7,2.6,-12.3,3,0
-16.87311824,-17.32540736,33,29.3,-11.3,3.9,-11.1,4,-12.7,2.6,-12.3,3,0
-16.89245289,-17.36289045,32.8,29.1,-11.2,3.9,-11.1,4,-12.7,2.6,-12.3,3,0
-16.89898175,-17.28605802,34.1,30,-11.2,3.9,-11.1,4,-12.7,2.6,-12.3,3,0
-16.82737221,-17.32875744,32.8,28.8,-11.2,3.9,-11.1,4,-12.7,2.6,-12.3,3,0
-16.8562402,-17.30226583,34.3,30.1,-11.2,3.9,-11.1,4,-12.7,2.6,-12.3,3,0
-16.84790682,-17.31211812,34.2,29.6,-11.3,3.9,-11.1,4,-12.7,2.6,-12.3,3,0
-16.83758681,-17.29575115,33.5,29,-11.3,3.9,-11.1,4,-12.7,2.6,-12.3,3,0
-16.83964231,-17.28284774,34,28.9,-11.2,3.9,-11.1,4,-12.7,2.6,-12.3,3,0
-16.84170204,-17.23895355,33.5,29.5,-11.2,3.9,-11.1,4,-12.7,2.6,-12.3,3,0
-16.819275,-17.30226583,34,30.8,-11.3,3.9,-11.1,4,-12.7,2.6,-12.3,3,0
-16.8294068,-17.24202575,32.4,31.2,-11.2,3.9,-11.1,4,-12.7,2.6,-12.3,3,0
-16.86675554,-17.19396845,32.1,30,-13.8,1.4,-13.5,1.7,-15,0.7,-14.2,1.2,1
-10.04060938,-17.27964774,34.3,29.5,-13.8,1.5,-13.5,1.6,-15.1,0.7,-14.2,1.2,1
-9.166385689,-17.17941215,19.2,28.8,-13.8,1.5,-13.5,1.6,-15,0.7,-14.2,1.2,1
-9.17403448,-17.19690531,19.1,29,-13.8,1.5,-13.5,1.6,-15,0.7,-14.2,1.2,1
-9.173086014,-17.26065983,18.9,29.4,-13.8,1.4,-13.5,1.6,-15.1,0.7,-14.2,1.2,1
-9.1650984,-17.18520927,18.9,30,-13.8,1.5,-13.5,1.6,-15.1,0.7,-14.2,1.2,1
-9.182054224,-17.18520927,19.1,29.3,-13.8,1.4,-13.5,1.6,-15.1,0.7,-14.2,1.2,1
-9.179951817,-17.26065983,19.1,29.6,-13.8,1.5,-13.5,1.6,-15.1,0.7,-14.2,1.2,1
-9.167950647,-17.19104019,18.9,29.6,-13.8,1.5,-13.5,1.6,-15.1,0.7,-14.2,1.2,1
-9.166544564,-17.18520927,19.1,29.1,-13.8,1.5,-13.5,1.6,-15.1,0.7,-14.2,1.2,1
-9.17902583,-17.22979318,19,29,-13.8,1.5,-13.5,1.6,-15.1,0.7,-14.2,1.2,1
-9.182533589,-17.24819861,19.1,29.4,-13.8,1.5,-13.5,1.6,-15.1,0.7,-14.2,1.2,1
-9.17584523,-17.24819861,19.1,29.4,-13.8,1.5,-13.5,1.6,-15.1,0.7,-14.2,1.2,1
-9.181993955,-17.28927863,19.2,29,-13.8,1.5,-13.5,1.6,-15.1,0.7,-14.2,1.2,1
-9.186034175,-17.24510741,18.9,30.2,-13.8,1.4,-13.5,1.7,-15,0.7,-14.2,1.2,1
-9.174195538,-17.31874067,19,29.8,-13.8,1.5,-13.5,1.7,-15.1,0.7,-14.2,1.2,1
-9.17208551,-17.25440981,19.1,29.3,-13.8,1.5,-13.5,1.6,-15,0.7,-14.2,1.2,1
-9.186814293,-17.19690531,19.1,29.3,-13.8,1.4,-13.5,1.6,-15,0.7,-14.3,1.2,1
-9.192558412,-17.28605802,19.1,31,-13.8,1.5,-13.5,1.6,-15.1,0.7,-14.2,1.2,1
-9.181337064,-17.25440981,19.2,29.7,-11.2,3.9,-11.1,4,-12.7,2.6,-12.3,3,0
-10.29458537,-17.29575115,34.8,29.9,-11.3,3.9,-11.1,4,-12.7,2.6,-12.3,3,0
-16.86464361,-17.27964774,34.4,29.4,-11.2,3.9,-11.1,4,-12.7,2.6,-12.3,3,0
-16.84376602,-17.23589076,34,28.9,-11.2,3.9,-11.1,4,-12.7,2.6,-12.3,3,0
-16.85206483,-17.28605802,32.8,29,-11.3,3.9,-11.1,4,-12.7,2.6,-12.3,3,0
-16.88812388,-17.30226583,34.3,29.7,-11.2,3.9,-11.1,4,-12.7,2.6,-12.3,3,0
-16.85415033,-17.22675828,33.3,30.2,-11.2,3.9,-11.1,4,-12.7,2.6,-12.3,3,0
-16.86253613,-17.24510741,34.7,29.8,-11.2,3.9,-11.1,4,-12.7,2.6,-12.3,3,0
-16.89245289,-17.30226583,34.5,29.3,-11.2,3.9,-11.1,4,-12.7,2.6,-12.3,3,0
-16.86675554,-17.23895355,32,28.7,-11.2,3.9,-11.1,4,-12.7,2.6,-12.3,3,0
-16.84790682,-17.25440981,34.1,29.3,-11.2,3.9,-11.1,4,-12.7,2.6,-12.3,3,0
-16.86887194,-17.30553915,34.3,29.1,-11.3,3.9,-11.1,4,-12.7,2.6,-12.3,3,0
-16.86675554,-17.22675828,34.2,29.9,-11.2,3.9,-11.1,4,-12.7,2.6,-12.3,3,0
-16.86464361,-17.26694916,32.3,30.2,-11.2,3.9,-11.1,4,-12.7,2.6,-12.3,3,0
-16.87311824,-17.25752993,31.8,29.5,-11.2,3.9,-11.1,4,-12.7,2.6,-12.3,3,0
-16.9551132,-17.27327829,32.1,31.2,-11.2,3.9,-11.1,4,-12.7,2.6,-12.3,3,0
-16.93002637,-17.31874067,33.9,28.8,-11.2,3.9,-11.1,4,-12.7,2.6,-12.3,3,0
-16.86887194,-17.32206846,33.9,30.7,-11.2,3.9,-11.1,4,-12.7,2.6,-12.3,3,0
-16.88596638,-17.32875744,33.9,29.7,-11.2,3.9,-11.1,4,-12.7,2.6,-12.3,3,0
-16.90775373,-17.36289045,34.6,30.2,-13.8,1.5,-13.5,1.6,-15.1,0.7,-14.2,1.2,1
-9.169571819,-17.27010872,20.6,29.4,-13.8,1.5,-13.5,1.6,-15,0.7,-14.2,1.2,1
-9.181764577,-17.29900318,18.9,29.6,-13.8,1.5,-13.5,1.7,-15,0.7,-14.2,1.2,1
-9.170614979,-17.33549148,19,28.8,-13.8,1.5,-13.5,1.6,-15.1,0.7,-14.2,1.2,1
-9.170464105,-17.28927863,19,29.4,-13.8,1.5,-13.5,1.7,-15,0.7,-14.3,1.2,1
-9.452392825,-17.27964774,19.1,29.1,-13.8,1.4,-13.5,1.7,-15,0.7,-14.2,1.2,1
-9.178177197,-17.34567832,19,29.4,-13.8,1.4,-13.5,1.7,-15,0.7,-14.2,1.2,1
-9.160682013,-17.29250965,19,31.4,-13.8,1.4,-13.5,1.6,-15.1,0.7,-14.2,1.2,1
-9.157750768,-17.61420488,19.1,30.9,-13.8,1.5,-13.5,1.6,-15,0.7,-14.2,1.2,1
-9.172254918,-17.35252766,18.9,28.5,-13.8,1.5,-13.5,1.6,-15.1,0.7,-14.2,1.2,1
-9.165376567,-17.33549148,19.1,29.6,-13.8,1.5,-13.5,1.6,-15.1,0.7,-14.2,1.2,1
-9.15992201,-17.34567832,19,30.5,-13.8,1.5,-13.5,1.6,-15,0.7,-14.2,1.2,1
-9.173789566,-17.36289045,19.1,29.6,-13.8,1.4,-13.5,1.7,-15,0.7,-14.2,1.2,1
-9.168713901,-17.32875744,18.9,29.8,-13.8,1.5,-13.5,1.6,-15.1,0.7,-14.2,1.2,1
-9.150982434,-17.31211812,19,29.4,-13.8,1.4,-13.5,1.6,-15,0.7,-14.2,1.2,1
-9.160310976,-17.31542391,18.9,29.4,-13.8,1.5,-13.5,1.6,-15,0.7,-14.2,1.2,1
-9.172488865,-17.27327829,18.9,29.6,-13.8,1.4,-13.5,1.7,-15.1,0.7,-14.2,1.2,1
-9.173203559,-17.32875744,18.8,29.4,-13.8,1.4,-13.5,1.6,-15,0.7,-14.2,1.2,1
-9.162193272,-17.31542391,18.9,29.6,-11.2,3.9,-11.1,4,-12.7,2.6,-12.3,3,0
-9.783277243,-17.29900318,19.1,29.4,-11.3,3.9,-11.1,4,-12.7,2.6,-12.3,3,0
-16.81525085,-17.38749626,33.5,29.4,-11.2,3.9,-11.1,4,-12.7,2.6,-12.3,3,0
-16.7914402,-17.33887557,31.9,29.1,-11.3,3.9,-11.1,4,-12.7,2.6,-12.3,3,0
-16.8172609,-17.27964774,31.8,29.2,-11.2,3.9,-11.1,4,-12.7,2.6,-12.3,3,0
-16.83144554,-17.36985912,32.1,30,-11.2,3.9,-11.1,4,-12.7,2.6,-12.3,3,0
-16.78557508,-17.27964774,31.7,29.5,-11.2,3.9,-11.1,4,-12.7,2.6,-12.3,3,0
-16.8562402,-17.28927863,33,30.6,-11.2,3.9,-11.1,4,-12.7,2.6,-12.3,3,0
-16.83348844,-17.34567832,33.8,29.8,-11.2,3.9,-11.1,4,-12.7,2.6,-12.3,3,0
-16.80924483,-17.24819861,32.1,29.5,-11.2,3.9,-11.1,4,-12.7,2.6,-12.3,3,0
-16.77780806,-17.27327829,34.5,29.4,-11.2,3.9,-11.1,4,-12.7,2.6,-12.3,3,0
-16.79340291,-17.33887557,33.3,29.5,-11.2,3.9,-11.1,4,-12.7,2.6,-12.3,3,0
-16.82737221,-17.24819861,34.3,29.1,-11.3,3.9,-11.1,4,-12.7,2.6,-12.3,3,0
-16.79340291,-17.25752993,32,30.7,-11.2,3.9,-11.1,4,-12.7,2.6,-12.3,3,0
-16.85415033,-17.30882323,34.7,28.8,-11.3,3.9,-11.1,4,-12.7,2.6,-12.3,3,0
-16.86887194,-17.25440981,33.9,28.8,-11.2,3.9,-11.1,4,-12.7,2.6,-12.3,3,0
-16.90555351,-17.26379955,31.7,29,-11.3,3.9,-11.1,4,-12.7,2.6,-12.3,3,0
-16.87952167,-17.27327829,33.6,29.6,-11.2,3.9,-11.1,4,-12.7,2.6,-12.3,3,0
-16.94363202,-17.25440981,32.2,29.9,-11.2,3.9,-11.1,4,-12.7,2.6,-12.3,3,0
-16.87738263,-17.26694916,31.4,29.1,-11.2,3.9,-11.1,4,-12.7,2.6,-12.3,3,0
-16.88812388,-17.27327829,32.5,29.7,-11.3,3.9,-11.1,4,-12.7,2.6,-12.3,3,0
-16.88812388,-17.22979318,32.7,30.3,-11.2,3.9,-11.1,4,-12.7,2.6,-12.3,3,0
-16.85833444,-17.31211812,33.7,30.3,-11.2,3.9,-11.1,4,-12.7,2.6,-12.3,3,0
-16.8294068,-17.5369132,34,30.3,-11.2,3.9,-11.1,4,-12.7,2.6,-12.3,3,0
-16.8816653,-17.29250965,32.4,29.4,-11.3,3.9,-11.1,4,-12.7,2.6,-12.3,3,0
-16.86887194,-17.39106133,33.4,29.1,-11.2,3.9,-11.1,4,-12.7,2.6,-12.3,3,0
-16.8012925,-17.29900318,32.8,30.3,-11.2,3.9,-11.1,4,-12.7,2.6,-12.3,3,0
-16.83144554,-17.30226583,34.1,29.9,-11.2,3.9,-11.1,4,-12.7,2.6,-12.3,3,0
-16.78362766,-17.37336175,34.6,29.1,-11.2,3.9,-11.1,4,-12.7,2.6,-12.3,3,0
-16.82129317,-17.29250965,32.8,29.9,-11.2,3.9,-11.1,4,-12.7,2.6,-12.3,3,0
-16.83348844,-17.32875744,34.3,29,-11.2,3.9,-11.1,4,-12.7,2.6,-12.3,3,0
-16.86253613,-17.39822982,32.6,29.1,-11.2,3.9,-11.1,4,-12.7,2.6,-12.3,3,0
-16.8294068,-17.35597001,33.2,30.4,-11.3,3.9,-11.1,4,-12.7,2.6,-12.3,3,0
-16.82737221,-17.37336175,33.1,28.4,-11.2,3.9,-11.1,4,-12.7,2.6,-12.3,3,0
-16.85415033,-17.39822982,31.6,29.6,-11.3,3.9,-11.1,4,-12.7,2.6,-12.3,3,0
-16.82534176,-17.37687669,31,29.1,-11.2,3.9,-11.1,4,-12.7,2.6,-12.3,3,0
-16.77780806,-17.38394386,35.1,29.4,-11.2,3.9,-11.1,4,-12.7,2.6,-12.3,3,0
-16.78362766,-17.42004886,34.5,30.2,-11.2,3.9,-11.1,4,-12.7,2.6,-12.3,3,0
-16.77974416,-17.43860227,34.1,30.7,-11.3,3.9,-11.1,4,-12.7,2.6,-12.3,3,0
-17.06484559,-17.39106133,33.8,28.9,-11.2,3.9,-11.1,4,-12.7,2.6,-12.3,3,0
-16.7548625,-17.42373211,32.8,29.5,-11.2,3.9,-11.1,4,-12.7,2.6,-12.3,3,0
-16.77010089,-17.43486395,32.5,29.5,-11.2,3.9,-11.1,4,-12.7,2.6,-12.3,3,0
-16.79340291,-17.71264495,33.5,29.5,-11.2,3.9,-11.1,4,-12.7,2.6,-12.3,3,0
-16.76818334,-17.44990183,35,29.3,-11.2,3.9,-11.1,4,-12.7,2.6,-12.3,3,0
-16.76245267,-17.4461211,35,29.7,-11.3,3.9,-11.1,4,-12.7,2.6,-12.3,3,0
-16.80725081,-17.39822982,33.7,30.3,-11.2,3.9,-11.1,4,-12.7,2.6,-12.3,3,0
-16.73428179,-17.40545006,32,29.6,-11.2,3.9,-11.1,4,-12.7,2.6,-12.3,3,0
-16.74920744,-17.39463915,34.7,29.1,-11.2,3.9,-11.1,4,-12.7,2.6,-12.3,3,0
-16.74358418,-17.37336175,31.7,28.8,-11.2,3.9,-11.1,4,-12.7,2.6,-12.3,3,0
-16.74920744,-17.37336175,33,29.5,-11.2,3.9,-11.1,4,-12.7,2.6,-12.3,3,0
-16.74920744,-17.40545006,32.6,29.6,-11.2,3.9,-11.1,4,-12.7,2.6,-12.3,3,0
-16.80327466,-17.44235462,33.2,29.1,-11.3,3.9,-11.1,4,-12.7,2.6,-12.3,3,0
-16.77780806,-17.43113955,34,29.1,-11.3,3.9,-11.1,4,-12.7,2.6,-12.3,3,0
-16.74920744,-17.37687669,32.4,29.8,-11.2,3.9,-11.1,4,-12.7,2.6,-12.3,3,0
-16.77587569,-17.39822982,31.6,30.5,-11.2,3.9,-11.1,4,-12.7,2.6,-12.3,3,0
-16.82737221,-17.37687669,34.8,29.2,-11.2,3.9,-11.1,4,-12.7,2.6,-12.3,3,0
-16.80725081,-17.38749626,34.4,28.8,-11.3,3.9,-12.1,3,-12.7,2.6,-13.2,2.2,0
-13.52568079,-17.36636871,31.7,29.1,-13.8,1.5,-13.5,1.6,-15,0.7,-14.2,1.2,1
-9.164913954,-17.39822982,18.9,29.7,-13.8,1.4,-13.5,1.6,-15,0.7,-14.2,1.2,1
-9.16063634,-17.30553915,19,28.9,-13.8,1.4,-13.5,1.7,-15,0.7,-14.2,1.2,1
-9.17171599,-17.35597001,19.1,29.9,-13.8,1.5,-13.5,1.7,-15,0.7,-14.2,1.2,1
-9.17750926,-17.41637913,19,31,-13.8,1.4,-13.5,1.7,-15.1,0.7,-14.2,1.2,1
-9.158679095,-17.29575115,18.9,29.6,-13.8,1.4,-13.5,1.6,-15.1,0.7,-14.2,1.2,1
-9.443081079,-17.35597001,19,29.7,-13.8,1.5,-13.5,1.6,-15,0.7,-14.2,1.2,1
-9.170264256,-17.37687669,19.1,28.8,-13.8,1.4,-13.5,1.7,-15,0.7,-14.2,1.2,1
-9.17521457,-17.35597001,18.9,29,-13.8,1.5,-13.5,1.7,-15,0.7,-14.2,1.2,1
-9.174022908,-17.5965053,19,28.7,-13.8,1.4,-13.5,1.6,-15.1,0.7,-14.2,1.2,1
-9.177998069,-17.32875744,19,30,-13.8,1.5,-13.5,1.7,-15,0.7,-14.2,1.2,1
-9.171467796,-17.29250965,19,29.3,-13.8,1.4,-13.5,1.6,-15,0.7,-14.2,1.2,1
-9.162060814,-17.30553915,19,30.6,-13.8,1.5,-13.5,1.6,-15.1,0.7,-14.2,1.2,1
-9.167119018,-17.34227116,19,28.9,-13.8,1.5,-13.5,1.7,-15.1,0.7,-14.2,1.2,1
-9.175458867,-17.32875744,18.8,29,-13.8,1.4,-13.5,1.6,-15.1,0.7,-14.2,1.2,1
-9.466333873,-17.30882323,18.9,28.9,-13.8,1.4,-13.5,1.6,-15,0.7,-14.2,1.2,1
-9.154929317,-17.31874067,19,29.6,-13.8,1.4,-13.5,1.6,-15,0.7,-14.2,1.2,1
-9.165805917,-17.29250965,19,29.2,-13.8,1.5,-13.5,1.6,-15.1,0.7,-14.2,1.2,1
-9.159140732,-17.60090091,18.9,29.3,-11.2,3.9,-11.1,4,-12.7,2.6,-12.3,3,0
-9.482258025,-17.30553915,19,29,-11.2,3.9,-11.1,4,-12.7,2.6,-12.3,3,0
-16.79536948,-17.33549148,30.9,29.7,-11.2,3.9,-11.1,4,-12.7,2.6,-12.3,3,0
-16.83758681,-17.38394386,34,29.5,-11.3,3.9,-11.1,4,-12.7,2.6,-12.3,3,0
-16.79340291,-17.32875744,34.2,30.4,-11.2,3.9,-11.1,4,-12.7,2.6,-12.3,3,0
-16.81124283,-17.30882323,34.6,30.4,-11.2,3.9,-11.1,4,-12.7,2.6,-12.3,3,0
-16.78168403,-17.39106133,31.7,30.1,-11.2,3.9,-11.1,4,-12.7,2.6,-12.3,3,0
-16.74732951,-17.31542391,33.3,29.3,-11.2,3.9,-11.1,4,-12.7,2.6,-12.3,3,0
-16.71411612,-17.33887557,31.5,29,-11.3,3.9,-11.1,4,-12.7,2.6,-12.3,3,0
-16.76626947,-17.35252766,32.8,29.4,-11.2,3.9,-11.1,4,-12.7,2.6,-12.3,3,0
-16.73799237,-17.33211879,33.9,28.8,-11.2,3.9,-11.1,4,-12.7,2.6,-12.3,3,0
-16.73985284,-17.31211812,32.5,29.5,-11.3,3.9,-11.1,4,-12.7,2.6,-12.3,3,0
-16.76435925,-17.33211879,32.4,29.7,-11.2,3.9,-11.1,4,-12.7,2.6,-12.3,3,0
-16.77780806,-17.30882323,33.9,29.2,-11.2,3.9,-11.1,4,-12.7,2.6,-12.3,3,0
-16.7914402,-17.32206846,33.3,29.8,-11.2,3.9,-11.1,4,-12.7,2.6,-12.3,3,0
-16.75297392,-17.33549148,34.3,29.1,-11.2,3.9,-11.1,4,-12.7,2.6,-12.3,3,0
-16.7875263,-17.33211879,34.3,30.3,-11.2,3.9,-11.1,4,-12.7,2.6,-12.3,3,0
-16.7914402,-17.35252766,34.2,29.6,-11.2,3.9,-11.1,4,-12.7,2.6,-12.3,3,0
-16.78557508,-17.35252766,32.9,30.1,-11.2,3.9,-11.1,4,-12.7,2.6,-12.3,3,0
-16.85833444,-17.35942424,34.6,29.5,-11.2,3.9,-11.1,4,-12.7,2.6,-12.3,3,0
-16.79340291,-17.39822982,34.2,30.3,-11.2,3.9,-11.1,4,-12.7,2.6,-12.3,3,0
-17.08831472,-17.31542391,33.6,29.9,-11.2,3.9,-11.1,4,-12.7,2.6,-12.3,3,0
-16.81124283,-17.34227116,34,30.8,-11.3,3.9,-11.1,4,-12.7,2.6,-12.3,3,0
-16.84583428,-17.37687669,33.9,30.6,-11.2,3.9,-11.1,4,-12.7,2.6,-12.3,3,0
-16.84583428,-17.34909713,34.7,31,-11.2,3.9,-11.1,4,-12.7,2.6,-12.3,3,0
-16.86043308,-17.33549148,33.8,29.1,-11.2,3.9,-11.1,4,-12.7,2.6,-12.3,3,0
-16.88812388,-17.35597001,32,31.6,-11.2,3.9,-11.1,4,-12.7,2.6,-12.3,3,0
-16.87311824,-17.32540736,33.7,29.6,-11.2,3.9,-11.1,4,-12.7,2.6,-12.3,3,0
-16.85206483,-17.31542391,33.7,29.6,-11.2,3.9,-11.1,4,-12.7,2.6,-12.3,3,0
-16.90555351,-17.35252766,34.2,29.1,-11.3,3.9,-11.1,4,-12.7,2.6,-12.3,3,0
-16.84376602,-17.31542391,33.4,29.3,-11.3,3.9,-11.1,4,-12.7,2.6,-12.3,3,0
-16.84170204,-17.33211879,35,29.1,-11.2,3.9,-11.1,4,-12.7,2.6,-12.3,3,0
-16.91216875,-17.38394386,32.4,29.9,-11.2,3.9,-11.1,4,-12.7,2.6,-12.3,3,0
-16.90555351,-17.34567832,34.3,29.7,-11.3,3.9,-11.1,4,-12.7,2.6,-12.3,3,0
-16.87952167,-17.32206846,34.8,29.8,-11.3,3.9,-11.1,4,-12.7,2.6,-12.3,3,0
-17.17077901,-17.34567832,34.6,28.8,-11.2,3.9,-11.1,4,-12.7,2.6,-12.3,3,0
-16.89245289,-17.34227116,33.9,29.2,-11.2,3.9,-11.1,4,-12.7,2.6,-12.3,3,0
-16.84583428,-17.34909713,32.5,29.3,-11.2,3.9,-11.1,4,-12.7,2.6,-12.3,3,0
-16.86464361,-17.38040403,34.3,29.6,-11.3,3.9,-11.1,4,-12.7,2.6,-12.3,3,0
-16.87099284,-17.35597001,34.1,29.5,-11.3,3.9,-11.1,4,-12.7,2.6,-12.3,3,0
-16.84998366,-17.36636871,32.8,29.7,-11.2,3.9,-11.1,4,-12.7,2.6,-12.3,3,0
-16.81525085,-17.36636871,33.8,29.7,-11.2,3.9,-11.1,4,-12.7,2.6,-12.3,3,0
-16.86253613,-17.36985912,35,29.9,-11.2,3.9,-11.1,4,-12.7,2.6,-12.3,3,0
-16.8294068,-17.66926466,34.2,29.7,-11.2,3.9,-11.1,4,-12.7,2.6,-12.3,2.9,0
-16.82129317,-17.34227116,34.1,31.3,-11.2,3.9,-11.1,4,-12.7,2.6,-12.3,3,0
-16.8294068,-17.34567832,34.4,29.3,-11.2,3.9,-11.1,4,-12.7,2.6,-12.3,3,0
-16.86675554,-17.38040403,34.1,29.9,-11.3,3.9,-11.1,4,-12.7,2.6,-12.3,3,0
-16.8294068,-17.31874067,33.2,29.4,-11.2,3.9,-11.1,4,-12.7,2.6,-12.3,3,0
-16.83964231,-17.33549148,33.9,29,-11.3,3.9,-11.1,4,-12.7,2.6,-12.3,3,0
-16.80725081,-17.39106133,33.9,29.2,-11.3,3.9,-11.1,4,-12.7,2.6,-12.3,3,0
-16.82129317,-17.33887557,31.6,28.7,-11.3,3.9,-11.1,4,-12.7,2.6,-12.3,3,0
-16.78948134,-17.29250965,34.2,29.2,-11.2,3.9,-11.1,4,-12.7,2.6,-12.3,3,0
-16.78168403,-17.34227116,32.7,29,-11.2,3.9,-11.1,4,-12.7,2.6,-12.3,2.9,0
-16.7875263,-17.31542391,34.3,29.3,-11.3,3.9,-11.1,4,-12.7,2.6,-12.3,3,0
-16.77974416,-17.31874067,34.1,30.1,-11.2,3.9,-11.1,4,-12.7,2.6,-12.3,3,0
-16.79733993,-17.35252766,31.9,30.4,-11.2,3.9,-11.1,4,-12.7,2.6,-12.3,3,0
-16.8012925,-17.30882323,33.8,29,-11.2,3.9,-11.1,4,-12.7,2.6,-12.3,3,0
-16.8172609,-17.29575115,33.5,29.2,-11.2,3.9,-11.1,4,-12.7,2.6,-12.3,3,0
-16.8172609,-17.32206846,31.8,28.8,-11.2,3.9,-11.1,4,-12.7,2.6,-12.3,3,0
-16.82737221,-17.29575115,31.7,30,-11.2,3.9,-11.1,4,-12.7,2.6,-12.3,3,0
-16.81525085,-17.29900318,34,29.3,-11.2,3.9,-11.1,4,-12.7,2.6,-12.3,3,0
-16.78557508,-17.29900318,32.5,29.1,-11.2,3.9,-11.1,4,-12.7,2.6,-12.3,3,0
-16.80327466,-17.28605802,34.4,29.6,-11.3,3.9,-11.1,4,-12.7,2.6,-12.3,3,0
-16.78557508,-17.29900318,34.8,30.8,-11.2,3.9,-11.1,4,-12.7,2.6,-12.3,3,0
-17.05204132,-17.29900318,32.1,30.6,-11.3,3.9,-11.1,4,-12.7,2.6,-12.3,3,0
-16.79733993,-17.27327829,33.8,29.2,-11.2,3.9,-11.1,4,-12.7,2.6,-12.3,3,0
-16.80924483,-17.33211879,34.4,29.9,-11.2,3.9,-11.1,4,-12.7,2.6,-12.3,3,0
-16.79536948,-17.55779079,34,29.6,-11.2,3.9,-11.1,4,-12.7,2.6,-12.3,3,0
-16.84998366,-17.29575115,32.6,30.1,-11.2,3.9,-11.1,4,-12.7,2.6,-12.3,3,0
-16.83144554,-17.38394386,33.9,30.8,-11.3,3.9,-11.1,4,-12.7,2.6,-12.3,3,0
-16.83348844,-17.27327829,34.3,30.4,-11.2,3.9,-11.1,4,-12.7,2.6,-12.3,3,0
-16.87524816,-17.28284774,33.7,29.8,-11.2,3.9,-11.1,4,-12.7,2.6,-12.3,3,0
-16.89462444,-17.34567832,32.3,29.6,-11.2,3.9,-11.1,4,-12.7,2.6,-12.3,3,0
-16.88812388,-17.32540736,34.4,29.5,-11.2,3.9,-11.1,4,-12.7,2.6,-12.3,3,0
-16.86043308,-17.33211879,33.5,28.3,-11.2,3.9,-11.1,4,-12.7,2.6,-12.3,2.9,0
-16.90775373,-17.33887557,34,29.6,-13.9,1.4,-13.6,1.6,-15.1,0.7,-14.2,1.2,2
-16.89680072,-11.08172763,34.6,29.9,-13.9,1.4,-13.6,1.6,-15.1,0.7,-14.2,1.2,2
-16.86887194,-9.584001627,34.5,19,-13.9,1.4,-13.6,1.6,-15.1,0.7,-14.2,1.2,2
-16.85833444,-9.588405317,32.2,18.9,-13.9,1.4,-13.6,1.6,-15.1,0.7,-14.2,1.2,2
-16.8816653,-9.574807021,32.7,19.1,-13.9,1.4,-13.6,1.6,-15.1,0.7,-14.2,1.2,2
-16.85415033,-9.578019931,33.9,19,-13.9,1.4,-13.6,1.6,-15.1,0.7,-14.2,1.2,2
-16.86043308,-9.587301117,33.2,18.9,-13.9,1.4,-13.6,1.6,-15.1,0.7,-14.2,1.2,2
-16.91438359,-9.578391205,34,18.9,-13.9,1.4,-13.6,1.6,-15.1,0.7,-14.2,1.2,2
-17.15655402,-9.587264672,34,19,-13.9,1.4,-13.6,1.6,-15.1,0.7,-14.2,1.2,2
-16.80327466,-9.581014274,32.3,18.9,-13.9,1.4,-13.6,1.6,-15.1,0.7,-14.2,1.2,2
-16.86675554,-9.578537152,34.3,19.1,-13.9,1.4,-13.6,1.6,-15.1,0.7,-14.2,1.2,2
-16.83758681,-9.583953678,34.6,19,-13.9,1.4,-13.6,1.6,-15.1,0.7,-14.2,1.2,2
-16.82331541,-9.572181495,35,19,-13.9,1.4,-13.6,1.6,-15.1,0.7,-14.2,1.2,2
-16.80327466,-9.575324024,32.8,19,-13.9,1.4,-13.6,1.6,-15.1,0.7,-14.2,1.2,2
-16.83348844,-9.596182281,33.7,19,-13.9,1.4,-13.6,1.6,-15.1,0.7,-14.2,1.2,2
-16.80725081,-9.584110611,32.5,18.9,-13.9,1.4,-13.6,1.6,-15.1,0.7,-14.2,1.2,2
-16.87099284,-9.580727471,32.9,19,-13.9,1.4,-13.6,1.6,-15.1,0.7,-14.2,1.2,2
-16.85415033,-9.601401221,34.1,18.9,-13.9,1.4,-13.6,1.6,-15.1,0.7,-14.2,1.2,2
-16.83144554,-9.585375698,34.5,19,-13.9,1.4,-13.6,1.6,-15.1,0.7,-14.2,1.2,2
-16.819275,-9.585150192,34.5,19,-11.3,3.9,-11.1,4,-12.7,2.6,-12.3,3,0
-16.80725081,-10.22317504,33,18.9,-11.2,3.9,-11.1,4,-12.7,2.6,-12.3,3,0
-16.80526076,-17.33549148,31.9,29.1,-11.2,3.9,-11.1,4,-12.7,2.6,-12.3,3,0
-16.7914402,-17.33211879,33.2,28.7,-11.3,3.9,-11.1,4,-12.7,2.6,-12.3,3,0
-16.78362766,-17.39106133,31.4,29.4,-11.2,3.9,-11.1,4,-12.7,2.6,-12.3,3,0
-16.8172609,-17.36289045,33.9,28.9,-11.2,3.9,-11.1,4,-12.7,2.6,-12.3,3,0
-16.78557508,-17.34567832,33.5,29.1,-11.2,3.9,-11.1,4,-12.7,2.6,-12.3,3,0
-16.78362766,-17.35942424,30.9,30,-11.2,3.9,-11.1,4,-12.7,2.6,-12.3,2.9,0
-17.04950002,-17.32540736,31.5,29.9,-11.2,3.9,-11.1,4,-12.7,2.6,-12.3,3,0
-16.8012925,-17.35942424,33,29.5,-11.2,3.9,-11.1,4,-12.7,2.6,-12.3,3,0
-16.76435925,-17.35252766,32.3,30,-11.2,3.9,-11.1,4,-12.7,2.6,-12.3,3,0
-16.76818334,-17.62768823,31.9,29.2,-11.2,3.9,-11.1,4,-12.7,2.6,-12.3,3,0
-16.75108891,-17.40545006,34.8,30,-11.2,3.9,-11.1,4,-12.7,2.6,-12.3,3,0
-16.73985284,-17.32875744,33.9,29.2,-11.2,3.9,-11.1,4,-12.7,2.6,-12.3,3,0
-16.76626947,-17.34227116,33.2,30.2,-11.3,3.9,-11.1,4,-12.7,2.6,-12.3,3,0
-16.74920744,-17.39822982,34.6,29.3,-11.2,3.9,-11.1,4,-12.7,2.6,-12.3,3,0
-16.7548625,-17.34227116,34.6,29.9,-11.3,3.9,-11.1,4,-12.7,2.6,-12.3,3,0
-16.83758681,-17.38394386,32.6,29.1,-11.2,3.9,-11.1,4,-12.7,2.6,-12.3,3,0
-16.8012925,-17.39106133,31.8,29.7,-11.2,3.9,-11.1,4,-12.7,2.6,-12.3,3,0
-16.8172609,-17.35597001,33.7,29.1,-11.3,3.9,-11.1,4,-12.7,2.6,-12.3,3,0
-16.819275,-17.37336175,34.1,29.3,-11.2,3.9,-11.1,4,-12.7,2.6,-12.3,3,0
-16.81124283,-17.40545006,32.7,29.2,-11.2,3.9,-11.1,4,-12.7,2.6,-12.3,3,0
-16.84998366,-17.36985912,31.8,30.1,-11.2,3.9,-11.1,4,-12.7,2.6,-12.3,3,0
-16.84998366,-17.37687669,32.6,29.5,-11.3,3.9,-11.1,4,-12.7,2.6,-12.3,3,0
-16.86253613,-17.40545006,34,29.6,-11.2,3.9,-11.1,4,-12.7,2.6,-12.3,3,0
-16.90116754,-17.34909713,34.8,29.3,-11.2,3.9,-11.1,4,-12.7,2.6,-12.3,3,0
-16.83144554,-17.35942424,33.1,29.7,-11.2,3.9,-11.1,4,-12.7,2.6,-12.3,3,0
-16.85415033,-17.37336175,31.4,31.2,-11.3,3.9,-11.1,4,-12.7,2.6,-12.3,3,0
-16.88812388,-17.35942424,33.9,29.9,-11.2,3.9,-11.1,4,-12.7,2.6,-12.3,3,0
-16.88812388,-17.34227116,33.3,29.9,-11.2,3.9,-11.1,4,-12.7,2.6,-12.3,3,0
-16.84790682,-17.34567832,34.7,29.6,-11.3,3.9,-11.1,4,-12.7,2.6,-12.3,3,0
-16.8562402,-17.36636871,33.4,30.9,-11.2,3.9,-11.1,4,-12.7,2.6,-12.3,3,0
-16.87311824,-17.39822982,33,29.2,-11.2,3.9,-11.1,4,-12.7,2.6,-12.3,3,0
-16.83144554,-17.35252766,33.7,29.8,-11.2,3.9,-11.1,4,-12.7,2.6,-12.3,3,0
-16.86253613,-17.37336175,32.6,29.2,-11.2,3.9,-11.1,4,-12.7,2.6,-12.3,3,0
-16.87099284,-17.42004886,34.4,30.5,-11.2,3.9,-11.1,4,-12.7,2.6,-12.3,3,0
-16.86043308,-17.36985912,34.2,29.3,-11.2,3.9,-11.1,4,-12.7,2.6,-12.3,3,0
-16.85415033,-17.38040403,32.5,31.5,-11.3,3.9,-11.1,4,-12.7,2.6,-12.3,3,0
-16.9099588,-17.42742897,33.1,28.7,-11.3,3.9,-11.1,4,-12.7,2.6,-12.3,3,0
-16.89462444,-17.38040403,32.8,29.8,-11.2,3.9,-11.1,4,-12.7,2.6,-12.3,3,0
-16.85415033,-17.36636871,31.7,29.3,-11.2,3.9,-11.1,4,-12.7,2.6,-12.3,3,0
-16.82534176,-17.43113955,32.4,29.5,-11.2,3.9,-11.1,4,-12.7,2.6,-12.3,3,0
-16.79340291,-17.36985912,32.2,29.3,-11.2,3.9,-11.1,4,-12.7,2.6,-12.3,3,0
-16.78948134,-17.39106133,32.9,29.4,-11.3,3.9,-11.1,4,-12.7,2.6,-12.3,3,0
-16.79733993,-17.69797476,31.2,31,-11.2,3.9,-11.1,4,-12.7,2.6,-12.3,3,0
-16.7914402,-17.37687669,31.4,30.2,-11.3,3.9,-11.1,4,-12.7,2.6,-12.3,3,0
-16.79733993,-17.38040403,32.7,29.3,-11.2,3.9,-11.1,4,-12.7,2.6,-12.3,3,0
-16.80924483,-17.41272282,32.7,29.8,-11.3,3.9,-11.1,4,-12.7,2.6,-12.3,3,0
-16.80725081,-17.39106133,33.4,29.1,-11.2,3.9,-11.1,4,-12.7,2.6,-12.3,3,0
-16.82534176,-17.39463915,33.9,29.6,-11.2,3.9,-11.1,4,-12.7,2.6,-12.3,3,0
-16.79931426,-17.38040403,32.3,29.6,-11.3,3.9,-11.1,4,-12.7,2.6,-12.3,3,0
-16.8294068,-17.41272282,33.9,29.4,-11.3,3.9,-11.1,4,-12.7,2.6,-12.3,3,0
-16.80725081,-17.41272282,33.3,31.7,-11.2,3.9,-11.1,4,-12.7,2.6,-12.3,3,0
-16.77394705,-17.36289045,31.5,29.7,-11.2,3.9,-11.1,4,-12.7,2.6,-12.3,3,0
-16.81324483,-17.39463915,32.6,29.3,-11.2,3.9,-11.1,4,-12.7,2.6,-12.3,3,0
-16.77780806,-17.41637913,32,30.2,-11.2,3.9,-11.1,4,-12.7,2.6,-12.3,3,0
-16.77587569,-17.35597001,31.7,29.9,-11.2,3.9,-11.1,4,-12.7,2.6,-12.2,3,0
-16.83144554,-17.38040403,33.2,29.7,-11.2,3.9,-11.1,4,-12.7,2.6,-12.3,3,0
-16.86887194,-17.42004886,33.9,29.3,-11.2,3.9,-11.1,4,-12.7,2.6,-12.3,3,0
-16.8294068,-17.36636871,34,29.6,-11.2,3.9,-11.1,4,-12.7,2.6,-12.3,3,0
-16.83758681,-17.37687669,34.7,29.3,-11.2,3.9,-11.1,4,-12.7,2.6,-12.3,3,0
-16.83144554,-17.41637913,33.1,29.4,-11.2,3.9,-11.1,4,-12.7,2.6,-12.3,3,0
-16.82737221,-17.36636871,34.6,30,-11.2,3.9,-11.1,4,-12.7,2.6,-12.3,3,0
-16.81324483,-17.66455876,31.3,29.9,-11.2,3.9,-11.1,4,-12.7,2.6,-12.3,3,0
-16.8562402,-17.42004886,32,29.7,-11.2,3.9,-11,4,-12.7,2.6,-12.2,3,0
-16.84170204,-17.38749626,32.8,29.5,-11.3,3.9,-11.1,4,-12.7,2.6,-12.3,3,0
-16.7914402,-17.36289045,34,28.7,-11.2,3.9,-11.1,4,-12.7,2.6,-12.3,3,0
-16.84998366,-17.43486395,31.5,29.3,-11.2,3.9,-11.1,4,-12.7,2.6,-12.3,3,0
-16.83348844,-17.40183342,32.4,28.9,-11.3,3.9,-11.1,4,-12.7,2.6,-12.3,3,0
-16.79931426,-17.40183342,34,29.6,-11.2,3.9,-11.1,4,-12.7,2.6,-12.3,3,0
-16.84170204,-17.42373211,33.2,29.8,-11.2,3.9,-11.1,4,-12.7,2.6,-12.3,3,0
-16.83348844,-17.38394386,31.6,29.9,-11.2,3.9,-11.1,4,-12.7,2.6,-12.3,3,0
-16.819275,-17.39822982,33.6,29.6,-11.3,3.9,-11.1,4,-12.7,2.6,-12.3,3,0
-16.86675554,-17.38040403,33.8,29.6,-11.2,3.9,-11.1,4,-12.7,2.6,-12.3,3,0
-16.8562402,-17.39106133,33,29.1,-11.2,3.9,-11.1,4,-12.7,2.6,-12.2,3,0
-16.819275,-17.41637913,32,29.6,-13.9,1.4,-13.6,1.6,-15.1,0.7,-14.2,1.2,2
-16.81324483,-10.02800144,32,19,-13.9,1.4,-13.6,1.6,-15.1,0.7,-14.2,1.2,2
-16.87524816,-9.602222153,34.1,18.8,-13.9,1.4,-13.6,1.6,-15.1,0.7,-14.2,1.2,2
-16.87524816,-9.616411163,34.3,19.1,-13.9,1.4,-13.6,1.6,-15.1,0.7,-14.2,1.2,2
-17.17077901,-9.599153399,33.6,19.2,-13.9,1.4,-13.6,1.6,-15.1,0.7,-14.2,1.2,2
-16.89028604,-9.596625105,34.4,19,-13.9,1.4,-13.6,1.6,-15.1,0.7,-14.2,1.2,2
-16.89680072,-9.612050041,32.8,18.8,-13.9,1.4,-13.6,1.6,-15.1,0.7,-14.2,1.2,2
-16.84583428,-9.884602994,34.6,19,-13.9,1.4,-13.6,1.6,-15.1,0.7,-14.2,1.2,2
-16.8816653,-9.591451461,32.8,19.1,-13.9,1.4,-13.6,1.6,-15.1,0.7,-14.2,1.2,2
-16.8562402,-9.609502386,34.2,18.9,-13.9,1.4,-13.6,1.6,-15.1,0.7,-14.2,1.2,2
-16.819275,-9.592435693,32.7,18.8,-13.9,1.4,-13.6,1.6,-15.1,0.7,-14.2,1.2,2
-16.80924483,-9.588250626,31.6,19.2,-13.9,1.4,-13.6,1.6,-15.1,0.7,-14.2,1.2,2
-16.84583428,-9.602531471,33.9,19.1,-13.9,1.4,-13.6,1.6,-15.1,0.7,-14.2,1.2,2
-16.81124283,-9.60062233,33.9,18.9,-13.9,1.4,-13.6,1.6,-15.1,0.7,-14.2,1.2,2
-16.85206483,-9.588530838,32.1,19,-13.9,1.4,-13.6,1.6,-15.1,0.7,-14.2,1.2,2
-16.79931426,-9.606380039,34.3,19.1,-13.9,1.4,-13.6,1.6,-15.1,0.7,-14.2,1.2,2
-16.82737221,-9.59750987,34.3,19.1,-13.9,1.4,-13.6,1.6,-15.1,0.7,-14.2,1.2,2
-16.82534176,-9.601334689,32,18.9,-13.9,1.4,-13.6,1.6,-15.1,0.7,-14.2,1.2,2
-17.13420672,-9.594777134,32.8,19.1,-13.9,1.4,-13.6,1.6,-15.1,0.7,-14.2,1.2,2
-16.84583428,-9.598825952,33.4,19,-11.3,3.9,-11.1,4,-12.7,2.6,-12.3,3,0
-16.85833444,-11.94060551,34.1,23.8,-11.2,3.9,-11.1,4,-12.7,2.6,-12.3,3,0
-16.83144554,-17.35597001,31.1,31.1,-11.2,3.9,-11.1,4,-12.7,2.6,-12.3,3,0
-16.83144554,-17.36289045,31.2,30.7,-11.3,3.9,-11.1,4,-12.7,2.6,-12.3,3,0
-16.79340291,-17.42004886,32.9,29.6,-11.2,3.9,-11.1,4,-12.7,2.6,-12.3,3,0
-16.73985284,-17.37687669,33.4,29.6,-11.2,3.9,-11.1,4,-12.7,2.6,-12.3,3,0
-16.75297392,-17.34909713,31.3,29.6,-11.3,3.9,-11.1,4,-12.7,2.6,-12.3,3,0
-16.76626947,-17.43486395,34.2,29.5,-11.3,3.9,-11.1,4,-12.7,2.6,-12.3,3,0
-17.07781594,-17.38040403,32.8,29.8,-11.2,3.9,-11.1,4,-12.7,2.6,-12.3,3,0
-16.79931426,-17.38749626,34.6,29.4,-11.2,3.9,-11.1,4,-12.7,2.6,-12.3,3,0
-16.82737221,-17.43486395,32.1,29.9,-11.2,3.9,-11.1,4,-12.7,2.6,-12.3,3,0
-16.75865038,-17.37336175,33.3,30,-11.2,3.9,-11.1,4,-12.7,2.6,-12.3,3,0
-16.77202212,-17.36636871,31.3,30.4,-11.2,3.9,-11.1,4,-12.7,2.6,-12.3,3,0
-16.7875263,-17.42373211,33.9,29.7,-11.2,3.9,-11.1,4,-12.7,2.6,-12.3,3,0
-16.7914402,-17.37336175,32.2,30.1,-11.3,3.9,-11.1,4,-12.7,2.6,-12.3,3,0
-16.78168403,-17.39106133,31.6,29.3,-11.2,3.9,-11.1,4,-12.7,2.6,-12.3,3,0
-16.76245267,-17.69313214,34.1,29.5,-11.2,3.9,-11.1,4,-12.7,2.6,-12.3,3,0
-16.77974416,-17.41637913,34.8,30.7,-11.2,3.9,-11.1,4,-12.7,2.6,-12.3,3,0
-16.73799237,-17.43860227,34.3,29.2,-11.2,3.9,-11.1,4,-12.7,2.6,-12.3,3,0
-16.74358418,-17.38040403,33.8,30.8,-11.2,3.9,-11.1,4,-12.7,2.6,-12.3,3,0
-16.73613536,-17.41272282,33.3,30.9,-11.2,3.9,-11.1,4,-12.7,2.6,-12.2,3,0
-17.04191465,-17.43113955,33.4,29.5,-11.2,3.9,-11.1,4,-12.7,2.6,-12.3,3,0
-16.78948134,-17.39463915,33.9,28.8,-11.2,3.9,-11.1,4,-12.7,2.6,-12.3,3,0
-16.76818334,-17.39822982,31.7,31.3,-11.2,3.9,-11.1,4,-12.7,2.6,-12.3,3,0
-16.77587569,-17.42742897,33.6,30.7,-11.2,3.9,-11.1,4,-12.7,2.6,-12.3,3,0
-16.77010089,-17.41272282,33.2,29.8,-11.2,3.9,-11.1,4,-12.7,2.6,-12.3,3,0
-16.78362766,-17.40545006,33.6,29.2,-11.2,3.9,-11.1,4,-12.7,2.6,-12.2,3,0
-16.72506514,-17.37687669,31.3,29.5,-11.3,3.9,-11.1,4,-12.7,2.6,-12.3,3,0
-16.79340291,-17.36985912,34.3,28.9,-11.2,3.9,-11.1,4,-12.7,2.6,-12.3,3,0
-16.79536948,-17.42742897,34.4,30.6,-11.2,3.9,-11.1,4,-12.6,2.6,-12.3,3,0
-16.77780806,-17.31542391,34.3,29.1,-11.2,3.9,-11.1,4,-12.7,2.6,-12.3,3,0
-16.80327466,-17.37687669,33.7,29.6,-11.2,3.9,-11.1,4,-12.7,2.6,-12.3,3,0
-16.77974416,-17.42373211,33.7,29.9,-11.3,3.9,-11.1,4,-12.7,2.6,-12.3,3,0
-16.7914402,-17.38749626,34.2,30.1,-11.2,3.9,-11.1,4,-12.7,2.6,-12.3,3,0
-16.79536948,-17.38394386,31.3,29.3,-11.2,3.9,-11.1,4,-12.7,2.6,-12.3,3,0
-16.79340291,-17.4461211,33.3,29.4,-11.2,3.9,-11.1,4,-12.7,2.6,-12.3,3,0
-16.77202212,-17.38749626,34.5,29,-11.3,3.9,-11.1,4,-12.7,2.6,-12.3,3,0
-16.76054972,-17.36636871,33.8,29.6,-11.2,3.9,-11.1,4,-12.7,2.6,-12.3,3,0
-16.74732951,-17.69797476,33.2,28.8,-11.2,3.9,-11.1,4,-12.7,2.6,-12.3,3,0
-16.73985284,-17.42004886,33.8,28.9,-11.2,3.9,-11.1,4,-12.7,2.6,-12.3,3,0
-16.74545509,-17.41272282,30.5,31,-11.2,3.9,-11.1,4,-12.7,2.6,-12.3,3,0
-16.77394705,-17.43113955,34.6,29.6,-11.2,3.9,-11.1,4,-12.7,2.6,-12.3,3,0
-16.819275,-17.40183342,34.8,29.6,-11.2,3.9,-11.1,4,-12.7,2.6,-12.3,3,0
-16.73058493,-17.40545006,34.1,29.2,-11.3,3.9,-11.1,4,-12.7,2.6,-12.3,3,0
-16.77394705,-17.42373211,32,31,-11.2,3.9,-11.1,4,-12.7,2.6,-12.3,3,0
-16.82737221,-17.39822982,32.1,29.6,-11.2,3.9,-11.1,4,-12.7,2.6,-12.3,3,0
-16.78557508,-17.42004886,31.5,30.3,-11.2,3.9,-11.1,4,-12.7,2.6,-12.3,3,0
-16.72140213,-17.38749626,32.6,29.1,-11.3,3.9,-11.1,4,-12.7,2.6,-12.3,3,0
-16.81124283,-17.37336175,32.7,29.8,-11.3,3.9,-11.1,4,-12.7,2.6,-12.3,3,0
-16.76245267,-17.40183342,33.2,29.3,-11.3,3.9,-11.1,4,-12.7,2.6,-12.3,3,0
-16.74171677,-17.35597001,31.5,29.4,-11.2,3.9,-11.1,4,-12.7,2.6,-12.3,3,0
-16.77010089,-17.38040403,34.8,30.3,-11.2,3.9,-11.1,4,-12.7,2.6,-12.3,3,0
-16.77974416,-17.70773094,34.1,29.8,-11.3,3.9,-11.1,4,-12.7,2.6,-12.3,3,0
-16.78362766,-17.38394386,32.4,29.4,-11.3,3.9,-11.1,4,-12.7,2.6,-12.3,2.9,0
-16.77974416,-17.37687669,33.7,29.4,-11.2,3.9,-11.1,4,-12.7,2.6,-12.3,2.9,0
-16.78168403,-17.38749626,34,30.1,-11.2,3.9,-11.1,4,-12.7,2.6,-12.3,3,0
-16.76818334,-17.38040403,34.1,29.2,-11.2,3.9,-11.1,4,-12.7,2.6,-12.3,3,0
-16.78362766,-17.38394386,32.1,29.2,-11.2,3.9,-11.1,4,-12.7,2.6,-12.3,3,0
-16.83964231,-17.39463915,32.5,29,-11.3,3.9,-11.1,4,-12.7,2.6,-12.3,3,0
-16.8294068,-17.42004886,34.3,28.7,-11.3,3.9,-11.1,4,-12.7,2.6,-12.3,3,0
-16.81324483,-17.37336175,34,30.7,-11.2,3.9,-11.1,4,-12.7,2.6,-12.3,3,0
-16.82331541,-17.39463915,33,30.6,-11.3,3.9,-11.1,4,-12.7,2.6,-12.3,3,0
-16.83758681,-17.38394386,30.9,30.1,-11.2,3.9,-11.1,4,-12.7,2.6,-12.3,3,0
-16.81324483,-17.38040403,34.3,29.6,-11.2,3.9,-11.1,4,-12.7,2.6,-12.3,3,0
-16.79733993,-17.35597001,33.8,30.8,-11.2,3.9,-11.1,4,-12.7,2.6,-12.3,3,0
-16.8294068,-17.39106133,32.9,28.8,-11.2,3.9,-11.1,4,-12.7,2.6,-12.3,3,0
-16.81324483,-17.39106133,32.1,29.3,-11.2,3.9,-11.1,4,-12.7,2.6,-12.3,3,0
-16.79931426,-17.35597001,32.6,29.2,-11.3,3.9,-11.1,4,-12.7,2.6,-12.3,3,0
-16.82129317,-17.40545006,34.2,29.8,-11.2,3.9,-11.1,4,-12.7,2.6,-12.3,3,0
-16.80526076,-17.40183342,32.4,29.6,-11.2,3.9,-11.1,4,-12.7,2.6,-12.3,2.9,0
-16.8012925,-17.38040403,31,30.1,-11.3,3.9,-11.1,4,-12.7,2.6,-12.3,3,0
-16.82331541,-17.39463915,33,30.7,-11.2,3.9,-11.1,4,-12.7,2.6,-12.3,3,0
-16.79340291,-17.40183342,33.9,28.9,-11.2,3.9,-11.1,4,-12.7,2.6,-12.3,3,0
-16.82129317,-17.34567832,34.1,29.9,-11.2,3.9,-11.1,4,-12.7,2.6,-12.3,2.9,0
-16.78168403,-17.34567832,32.4,29.2,-13.9,1.4,-13.6,1.6,-15.1,0.7,-14.2,1.2,2
-16.819275,-9.839806899,31.5,22.8,-13.9,1.4,-13.6,1.6,-15.1,0.7,-14.2,1.2,2
-16.75675465,-9.600762692,34.5,19,-13.9,1.4,-13.6,1.6,-15.1,0.7,-14.2,1.2,2
-16.77394705,-9.591915629,34.4,19.1,-13.9,1.4,-13.6,1.6,-15.1,0.7,-14.2,1.2,2
-16.74171677,-9.603571126,32.3,19,-13.9,1.4,-13.6,1.6,-15.1,0.7,-14.2,1.2,2
-16.76245267,-9.585013458,34.5,18.9,-13.9,1.4,-13.6,1.6,-15.1,0.7,-14.2,1.2,2
-16.76054972,-9.589294522,33.8,19,-13.9,1.4,-13.6,1.6,-15.1,0.7,-14.2,1.2,2
-16.7875263,-9.598150746,32.2,19,-13.9,1.4,-13.6,1.6,-15.1,0.7,-14.2,1.2,2
-16.73985284,-9.595010698,33.7,19,-13.9,1.4,-13.6,1.6,-15.1,0.7,-14.2,1.2,2
-16.6925713,-9.591728179,32.4,19,-13.9,1.4,-13.6,1.6,-15.1,0.7,-14.2,1.2,2
-16.75297392,-9.603369627,33.4,18.9,-13.9,1.4,-13.6,1.6,-15.1,0.7,-14.2,1.2,2
-16.81124283,-9.596625105,32.3,19,-13.9,1.4,-13.6,1.6,-15.1,0.7,-14.2,1.2,2
-16.76435925,-9.601266682,33.8,19.1,-13.9,1.4,-13.6,1.6,-15.1,0.7,-14.2,1.2,2
-17.06484559,-9.600991747,33.6,19.2,-13.9,1.4,-13.6,1.6,-15.1,0.7,-14.2,1.2,2
-16.79733993,-9.6024101,31.8,19.1,-13.9,1.4,-13.6,1.6,-15.1,0.7,-14.2,1.2,2
-16.76245267,-9.603882344,33.3,18.9,-13.9,1.4,-13.6,1.6,-15.1,0.7,-14.2,1.2,2
-16.72140213,-9.603566681,34.2,19.1,-13.9,1.4,-13.6,1.6,-15.1,0.7,-14.2,1.2,2
-16.75865038,-9.60787749,33.5,19,-13.9,1.4,-13.6,1.6,-15.1,0.7,-14.2,1.2,2
-16.75675465,-9.617672722,34.3,19,-11.3,3.9,-11.2,4,-12.7,2.6,-12.3,3,0
-16.71957564,-9.668056601,33.8,18.9,-11.3,3.9,-11.1,4,-12.7,2.6,-12.3,3,0
-16.71230288,-17.38394386,34.5,29,-11.2,3.9,-11.1,4,-12.7,2.6,-12.2,3,0
-16.75675465,-17.42004886,33.8,30.3,-11.2,3.9,-11.1,4,-12.7,2.6,-12.2,3,0
-16.71411612,-17.39463915,31.2,29.5,-11.3,3.9,-11.1,4,-12.7,2.6,-12.3,3,0
-16.76245267,-17.37336175,33.5,29.6,-11.2,3.9,-11.1,4,-12.7,2.6,-12.3,3,0
-16.80526076,-17.43113955,34.3,29.2,-11.2,3.9,-11.1,4,-12.7,2.6,-12.2,3,0
-16.78948134,-17.40545006,31.6,29.6,-11.2,3.9,-11,4,-12.7,2.6,-12.3,3,0
-16.76818334,-17.32875744,33.9,29.1,-11.2,3.9,-11.1,4,-12.7,2.6,-12.3,3,0
-17.08831472,-17.39463915,33,29.3,-11.3,3.9,-11.1,4,-12.7,2.6,-12.3,3,0
-16.81324483,-17.39822982,32.7,30.6,-11.2,3.9,-11.1,4,-12.7,2.6,-12.3,3,0
-16.78948134,-17.37336175,32.2,29.4,-11.3,3.9,-11.1,4,-12.7,2.6,-12.3,3,0
-16.83758681,-17.41637913,33.5,29.6,-11.2,3.9,-11,4,-12.7,2.6,-12.3,3,0
-16.84790682,-17.38394386,32.5,30.4,-11.3,3.9,-11.1,4,-12.7,2.6,-12.3,3,0
-16.80327466,-17.39463915,32.3,29.4,-11.3,3.9,-11.1,4,-12.7,2.6,-12.3,3,0
-16.77394705,-17.40183342,33.8,29.3,-11.2,3.9,-11.1,4,-12.7,2.6,-12.3,3,0
-16.76245267,-17.40183342,34,30,-11.2,3.9,-11.1,4,-12.7,2.6,-12.3,3,0
-16.74358418,-17.39822982,33.9,30.5,-11.2,3.9,-11.1,4,-12.7,2.6,-12.3,3,0
-16.80924483,-17.37336175,31.1,30.6,-11.2,3.9,-11.1,4,-12.7,2.6,-12.3,3,0
-16.78362766,-17.36289045,33.6,29.2,-11.2,3.9,-11.1,4,-12.7,2.6,-12.3,3,0
-16.78168403,-17.40183342,32,30,-11.2,3.9,-11.1,4,-12.7,2.6,-12.3,3,0
-16.79536948,-17.39106133,31.1,29.2,-11.2,3.9,-11.1,4,-12.7,2.6,-12.3,3,0
-16.79733993,-17.38040403,33.6,30.8,-11.3,3.9,-11.1,4,-12.7,2.6,-12.3,3,0
-16.80526076,-17.41272282,33.9,29.2,-11.2,3.9,-11,4,-12.7,2.6,-12.3,3,0
-16.80924483,-17.38040403,34.2,30.4,-11.2,3.9,-11.1,4,-12.7,2.6,-12.3,3,0
-16.75675465,-17.40907983,32.8,29.4,-11.2,3.9,-11.1,4,-12.7,2.6,-12.3,3,0
-16.77780806,-17.47289135,30.7,28.8,-11.2,3.9,-11.1,4,-12.7,2.6,-12.3,3,0
-16.72323195,-17.41272282,34,29.6,-11.2,3.9,-11.1,4,-12.7,2.6,-12.3,3,0
-16.72690168,-17.39463915,34.1,29.2,-11.2,3.9,-11.1,4,-12.7,2.6,-12.3,3,0
-16.76054972,-17.47289135,31.8,30,-11.3,3.9,-11.1,4,-12.7,2.6,-12.3,3,0
-16.73243165,-17.40545006,32.7,30.6,-11.2,3.9,-11.1,4,-12.7,2.6,-12.3,3,0
-16.71049293,-17.36636871,32.4,30.2,-11.3,3.9,-11.1,4,-12.7,2.6,-12.3,2.9,0
-16.73058493,-17.40545006,33.3,29.7,-11.2,3.9,-11.1,4,-12.7,2.6,-12.3,3,0
-16.73799237,-17.39106133,34.2,29.6,-11.2,3.9,-11.1,4,-12.7,2.6,-12.3,3,0
-16.70508264,-17.37687669,33.3,28.7,-11.3,3.9,-11.1,4,-12.7,2.6,-12.3,3,0
-16.72506514,-17.39106133,31.6,29.5,-11.2,3.9,-11.1,4,-12.7,2.6,-12.3,3,0
-16.70688282,-17.41272282,31.6,29.9,-11.2,3.9,-11.1,4,-12.7,2.6,-12.3,3,0
-16.76245267,-17.39822982,33.1,30.8,-11.2,3.9,-11.1,4,-12.7,2.6,-12.3,3,0
-16.72323195,-17.37336175,31.2,29.3,-11.2,3.9,-11,4,-12.7,2.6,-12.3,3,0
-16.73428179,-17.39463915,32.2,29.3,-11.3,3.9,-11,4,-12.7,2.6,-12.3,3,0
-16.72690168,-17.44235462,34.1,30.9,-11.3,3.9,-11.1,4,-12.7,2.6,-12.3,3,0
-16.73613536,-17.38040403,35,29.8,-11.2,3.9,-11.1,4,-12.7,2.6,-12.3,3,0
-16.73243165,-17.36636871,32.3,29.3,-11.2,3.9,-11.1,4,-12.7,2.6,-12.3,3,0
-16.79340291,-17.39463915,34.1,29.8,-11.3,3.9,-11.1,4,-12.7,2.6,-12.3,3,0
-16.74358418,-17.36289045,31.9,29.3,-11.2,3.9,-11.1,4,-12.7,2.6,-12.3,3,0
-16.76245267,-17.38040403,34.8,31.1,-11.3,3.9,-11.1,4,-12.7,2.6,-12.3,3,0
-17.05204132,-17.42742897,33.9,29.2,-11.2,3.9,-11.1,4,-12.7,2.6,-12.3,3,0
-16.7548625,-17.38749626,34.8,29.1,-11.3,3.9,-11.1,4,-12.7,2.6,-12.3,3,0
-16.73985284,-17.38394386,32.9,29.3,-11.2,3.9,-11.1,4,-12.7,2.6,-12.3,3,0
-16.8172609,-17.66926466,34.1,29.9,-11.3,3.9,-11.1,4,-12.7,2.6,-12.3,3,0
-16.8294068,-17.39463915,34.3,29.7,-11.2,3.9,-11.1,4,-12.7,2.6,-12.3,3,0
-16.7914402,-17.38749626,33.7,29.1,-11.2,3.9,-11,4,-12.7,2.6,-12.3,3,0
-16.8012925,-17.4536969,34,31,-11.2,3.9,-11.1,4,-12.7,2.6,-12.3,3,0
-16.82737221,-17.39463915,33,29,-11.2,3.9,-11.1,4,-12.7,2.6,-12.3,3,0
-16.84998366,-17.41637913,34.1,29.9,-11.2,3.9,-11.1,4,-12.7,2.6,-12.3,3,0
-16.82534176,-17.42742897,35,29,-11.3,3.9,-11.1,4,-12.7,2.6,-12.3,2.9,0
-16.8294068,-17.40545006,34.1,29.5,-11.3,3.9,-11.1,4,-12.7,2.6,-12.3,3,0
-16.81525085,-17.40907983,32.6,31.2,-11.2,3.9,-11.1,4,-12.7,2.6,-12.3,2.9,0
-16.83758681,-17.39822982,33.6,31,-11.2,3.9,-11.1,4,-12.7,2.6,-12.3,3,0
-16.85833444,-17.40183342,33.1,29.2,-11.2,3.9,-11.1,4,-12.7,2.6,-12.3,3,0
-16.84790682,-17.4461211,31.4,30.1,-11.2,3.9,-11.1,4,-12.7,2.6,-12.3,3,0
-16.78362766,-17.39463915,32.7,29.3,-11.2,3.9,-11,4,-12.7,2.6,-12.3,3,0
-16.77587569,-17.41272282,32.5,29.3,-11.2,3.9,-11.1,4,-12.7,2.6,-12.3,3,0
-16.75108891,-17.46133052,33.9,29.2,-11.3,3.9,-11.1,4,-12.7,2.6,-12.3,2.9,0
-16.73985284,-17.40183342,34.3,29.5,-11.2,3.9,-11.1,4,-12.7,2.6,-12.3,3,0
-16.77587569,-17.39106133,34.1,29.3,-11.2,3.9,-11.1,4,-12.7,2.6,-12.3,3,0
-16.78362766,-17.46133052,33.6,29.9,-11.3,3.9,-11.1,4,-12.7,2.6,-12.3,3,0
-16.76435925,-17.39106133,33.3,29.5,-11.2,3.9,-11.1,4,-12.7,2.6,-12.3,3,0
-16.76626947,-17.37687669,31.1,29.4,-11.2,3.9,-11.1,4,-12.7,2.6,-12.3,3,0
-17.07520838,-17.44235462,32.1,28.7,-11.3,3.9,-11.1,4,-12.7,2.6,-12.3,3,0
-16.75675465,-17.42004886,32.9,29.7,-11.2,3.9,-11.1,4,-12.7,2.6,-12.3,3,0
-16.70868624,-17.42742897,32.1,29.4,-11.3,3.9,-11.1,4,-12.7,2.6,-12.3,2.9,0
-16.75675465,-17.68351668,32.3,30.5,-11.2,3.9,-11.1,4,-12.7,2.6,-12.3,3,0
-16.77202212,-17.35942424,32.3,29.4,-11.3,3.9,-11.1,4,-12.7,2.6,-12.3,3,0
-16.71593265,-17.37336175,32.8,29.6,-11.2,3.9,-11,4,-12.7,2.6,-12.3,3,0
-16.71411612,-17.39822982,31.7,30.9,-13.9,1.4,-13.6,1.6,-15.1,0.7,-14.2,1.2,2
-16.74545509,-10.95597609,31.5,29.3,-13.9,1.4,-13.6,1.6,-15.1,0.7,-14.2,1.2,2
-16.74545509,-9.601624507,34.3,18.9,-13.9,1.4,-13.6,1.6,-15.1,0.7,-14.2,1.2,2
-16.77010089,-9.594744821,34.7,19,-13.9,1.4,-13.6,1.6,-15.1,0.7,-14.2,1.2,2
-16.80924483,-9.600173302,33.6,19,-13.9,1.4,-13.6,1.6,-15.1,0.7,-14.2,1.2,2
-16.79536948,-9.605401292,32.7,19.1,-13.9,1.4,-13.6,1.6,-15.1,0.7,-14.2,1.2,2
-16.77394705,-9.879655798,33.8,19.1,-13.9,1.4,-13.6,1.6,-15.1,0.7,-14.2,1.2,2
-16.82534176,-9.596867933,30.9,19,-13.9,1.4,-13.6,1.6,-15.1,0.7,-14.2,1.2,2
-16.83553552,-9.610601544,33.2,18.9,-13.9,1.4,-13.6,1.6,-15.1,0.7,-14.2,1.2,2
-16.819275,-9.594944589,34.5,18.9,-13.9,1.4,-13.6,1.6,-15.1,0.7,-14.2,1.2,2
-16.8172609,-9.599413073,33.6,19,-13.9,1.4,-13.6,1.6,-15.1,0.7,-14.2,1.2,2
-16.87524816,-9.899202745,34,18.9,-13.9,1.4,-13.6,1.6,-15.1,0.7,-14.2,1.2,2
-16.83553552,-9.59768073,33.7,19,-13.9,1.4,-13.6,1.6,-15.1,0.7,-14.2,1.2,2
-16.81124283,-9.596395577,33.6,19.1,-13.9,1.4,-13.6,1.6,-15.1,0.7,-14.2,1.2,2
-16.88381352,-9.614569744,32.4,19,-13.9,1.4,-13.6,1.6,-15.1,0.7,-14.2,1.2,2
-16.89680072,-9.602688387,34.1,19.1,-13.9,1.4,-13.6,1.6,-15.1,0.7,-14.2,1.2,2
-16.85415033,-9.595167907,32.7,19,-13.9,1.4,-13.6,1.6,-15.1,0.7,-14.2,1.2,2
-16.87952167,-9.60853696,33.7,18.9,-13.9,1.4,-13.6,1.6,-15.1,0.7,-14.2,1.2,2
-16.83144554,-9.603766737,32,18.9,-13.9,1.4,-13.6,1.6,-15.1,0.7,-14.2,1.2,2
-16.7875263,-9.599268473,32.5,19.1,-11.2,3.9,-11.1,4,-12.7,2.6,-12.3,3,0
-16.76245267,-10.30376215,33.8,19,-11.2,3.9,-11.1,4,-12.7,2.6,-12.3,3,0
-16.77394705,-17.41272282,34.2,29,-11.3,3.9,-11.1,4,-12.7,2.6,-12.3,3,0
-17.03939892,-17.42742897,32.3,29.6,-11.3,3.9,-11.1,4,-12.7,2.6,-12.3,3,0
-16.74545509,-17.43860227,32,29.3,-11.2,3.9,-11.1,4,-12.7,2.6,-12.3,3,0
-16.76435925,-17.44235462,31.8,30,-11.2,3.9,-11.1,4,-12.7,2.6,-12.3,3,0
-16.74545509,-17.44990183,34.5,29.3,-11.2,3.9,-11.1,4,-12.7,2.6,-12.3,3,0
-16.76245267,-17.38040403,32.8,29.5,-11.2,3.9,-11.1,4,-12.7,2.6,-12.3,3,0
-16.77587569,-17.40183342,34.4,30.5,-11.3,3.9,-11.1,4,-12.7,2.6,-12.3,3,0
-16.83553552,-17.45750643,34.3,29.2,-11.2,3.9,-11.1,4,-12.7,2.6,-12.3,3,0
-16.79340291,-17.38040403,34.5,28.3,-11.3,3.9,-11.1,4,-12.7,2.6,-12.3,3,0
-16.7914402,-17.39106133,33.6,29.6,-11.2,3.9,-11.1,4,-12.7,2.6,-12.3,3,0
-16.80924483,-17.40183342,31.4,29.4,-11.2,3.9,-11.1,4,-12.7,2.6,-12.3,3,0
-16.80725081,-17.35942424,34.2,29.4,-11.3,3.9,-11.1,4,-12.7,2.6,-12.3,3,0
-16.76626947,-17.39822982,32,29.5,-11.2,3.9,-11.1,4,-12.7,2.6,-12.3,3,0
-16.77974416,-17.43860227,32.6,30.2,-11.2,3.9,-11.1,4,-12.7,2.6,-12.3,3,0
-16.72874161,-17.38040403,33.9,29.3,-11.2,3.9,-11.1,4,-12.7,2.6,-12.3,3,0
-16.77010089,-17.36636871,32.2,30.4,-11.2,3.9,-11.1,4,-12.7,2.6,-12.2,3,0
-16.77780806,-17.36636871,34.6,29.7,-11.2,3.9,-11.1,4,-12.7,2.6,-12.3,3,0
-16.84583428,-17.34567832,30.8,29.1,-13.9,1.4,-13.6,1.6,-15.1,0.7,-14.2,1.2,2
-16.79340291,-9.884239981,34.4,19,-13.9,1.4,-13.6,1.6,-15.1,0.7,-14.2,1.2,2
-16.81525085,-9.590724163,33.9,19,-13.9,1.4,-13.6,1.6,-15.1,0.7,-14.2,1.2,2
-16.84998366,-9.586656956,32.4,19,-13.9,1.4,-13.6,1.6,-15.1,0.7,-14.2,1.2,2
-16.8562402,-9.589133851,33.9,19,-13.9,1.4,-13.6,1.6,-15.1,0.7,-14.2,1.2,2
-16.8172609,-9.591441214,30.9,18.9,-13.9,1.4,-13.6,1.6,-15.1,0.7,-14.2,1.2,2
-16.82331541,-9.586224348,33.7,18.9,-13.9,1.4,-13.6,1.6,-15.1,0.7,-14.2,1.2,2
-16.78948134,-9.598942463,34.9,19.2,-13.9,1.4,-13.6,1.6,-15.1,0.7,-14.2,1.2,2
-16.77780806,-9.586814315,34.4,18.9,-13.9,1.4,-13.6,1.6,-15.1,0.7,-14.2,1.2,2
-16.80327466,-9.588558572,35,18.8,-13.9,1.4,-13.6,1.6,-15.1,0.7,-14.2,1.2,2
-16.77202212,-9.597534908,32.5,19,-13.9,1.4,-13.6,1.6,-15.1,0.7,-14.2,1.2,2
-16.73058493,-9.58722677,31.8,19,-13.9,1.4,-13.6,1.6,-15.1,0.7,-14.2,1.2,2
-16.7914402,-9.589344189,31.7,18.9,-13.9,1.4,-13.6,1.6,-15.1,0.7,-14.2,1.2,2
-16.80924483,-9.610953769,34.5,19.2,-13.9,1.4,-13.6,1.6,-15.1,0.7,-14.2,1.2,2
-16.79340291,-9.587050399,30.8,19.2,-13.9,1.4,-13.6,1.6,-15.1,0.7,-14.2,1.2,2
-16.8294068,-9.590643709,34.2,18.9,-13.9,1.4,-13.6,1.6,-15.1,0.7,-14.2,1.2,2
-16.83758681,-9.604694931,34.4,19,-13.9,1.4,-13.6,1.6,-15.1,0.7,-14.2,1.2,2
-16.77974416,-9.583969661,31.9,19,-13.9,1.4,-13.6,1.6,-15.1,0.7,-14.2,1.2,2
-16.79733993,-9.584869471,34.2,18.8,-12,3.9,-11.1,4,-12.7,2.6,-12.3,2.9,0
-16.7875263,-9.606201744,34,19.1,-11.2,3.9,-11.1,4,-12.7,2.6,-12.3,3,0
-16.77394705,-17.62317355,34.2,26.2,-11.2,3.9,-11.1,4,-12.7,2.6,-12.3,3,0
-16.79340291,-17.34567832,32.9,29.8,-11.2,3.9,-11.1,4,-12.7,2.6,-12.3,3,0
-16.80327466,-17.36289045,32.5,29.1,-11.2,3.9,-11.1,4,-12.7,2.6,-12.3,3,0
-16.82737221,-17.33549148,34.4,28.5,-11.2,3.9,-11.1,4,-12.7,2.6,-12.3,3,0
-16.819275,-17.32540736,34.1,29.3,-11.2,3.9,-11.1,4,-12.7,2.6,-12.3,3,0
-16.80924483,-17.35597001,34.4,29.1,-11.2,3.9,-11.2,4,-12.7,2.6,-12.3,3,0
-16.819275,-17.34909713,32.8,30.6,-11.3,3.9,-11.1,4,-12.7,2.6,-12.3,3,0
-16.83348844,-17.40545006,33.5,29.8,-11.2,3.9,-11.1,4,-12.7,2.6,-12.3,3,0
-16.78948134,-17.39106133,34.2,29.9,-11.2,3.9,-11.1,4,-12.7,2.6,-12.3,3,0
-16.85206483,-17.39106133,34.1,29.3,-11.3,3.9,-11.1,4,-12.7,2.6,-12.3,3,0
-16.8294068,-17.42373211,34.2,29.3,-11.2,3.9,-11.1,4,-12.7,2.6,-12.3,3,0
-16.85415033,-17.33549148,31.9,29.1,-11.2,3.9,-11.1,4,-12.7,2.6,-12.3,3,0
-16.84170204,-17.38040403,31.6,30.7,-11.2,3.9,-11.1,4,-12.7,2.6,-12.3,3,0
-16.8816653,-17.38749626,32.7,29.4,-11.2,3.9,-11.1,4,-12.7,2.6,-12.3,3,0
-16.80924483,-17.33211879,34.1,29,-11.2,3.9,-11.1,4,-12.7,2.6,-12.3,3,0
-16.84376602,-17.33549148,33,29,-11.3,3.9,-11.1,4,-12.7,2.6,-12.3,3,0
-17.10159513,-17.41272282,33.2,29.3,-11.2,3.9,-11.1,4,-12.7,2.6,-12.3,3,0
-16.75675465,-17.31874067,33,29.9,-21.3,0.7,-14.3,0.9,-15.8,0.7,-14.3,1.2,3
-13.09460231,-14.56543975,27,29.4,-21.3,0.7,-14.3,0.9,-15.8,0.7,-14.3,1.2,3
-12.15804468,-13.07863361,22.1,22.5,-21.3,0.7,-14.3,0.9,-15.8,0.7,-14.3,1.2,3
-12.16245775,-12.75093776,22.2,22.3,-21.3,0.7,-14.3,0.9,-15.8,0.7,-14.3,1.2,3
-12.16594849,-12.74842334,22.3,22.1,-21.3,0.7,-14.3,0.9,-15.8,0.7,-14.3,1.2,3
-12.159609,-12.78061935,22.3,22.2,-21.3,0.7,-14.3,0.9,-15.8,0.7,-14.3,1.2,3
-12.16322391,-12.75803281,22.1,22.1,-21.3,0.7,-14.3,0.9,-15.8,0.7,-14.3,1.2,3
-12.14893645,-12.7641646,21.9,21.9,-21.3,0.7,-14.3,0.9,-15.8,0.7,-14.3,1.2,3
-12.16594849,-12.75806755,22.2,22.2,-21.3,0.7,-14.3,0.9,-15.8,0.7,-14.3,1.2,3
-12.1463708,-12.74564074,22.2,22.1,-21.3,0.7,-14.3,0.9,-15.8,0.7,-14.3,1.2,3
-12.15001372,-12.75480784,22.3,21.9,-21.3,0.7,-14.3,0.9,-15.8,0.7,-14.3,1.2,3
-12.13938643,-12.76601849,22.2,22,-21.3,0.7,-14.3,0.9,-15.8,0.7,-14.3,1.2,3
-12.14163413,-12.76945552,22.3,22.4,-21.3,0.7,-14.3,0.9,-15.8,0.7,-14.3,1.2,3
-12.1454292,-12.80024365,22.2,22,-21.3,0.7,-14.3,0.9,-15.8,0.7,-14.3,1.2,3
-12.15562671,-12.76826174,22.4,22.1,-21.3,0.7,-14.3,0.9,-15.8,0.7,-14.3,1.2,3
-12.16031565,-12.77632985,22.1,22.2,-21.3,0.7,-14.3,0.9,-15.8,0.7,-14.3,1.2,3
-12.14433805,-12.79226858,22.1,22.2,-21.3,0.7,-14.3,0.9,-15.8,0.7,-14.3,1.2,3
-12.13470127,-12.76650877,22.1,22,-21.3,0.7,-14.3,0.9,-15.8,0.7,-14.3,1.2,3
-12.15650183,-12.76440925,22.3,22,-21.3,0.7,-14.3,0.9,-15.8,0.7,-14.3,1.2,3
-12.16687116,-12.7986146,22.3,22.2,-11.2,3.9,-11.1,4,-12.7,2.6,-12.3,3,0
-13.21447867,-13.28370653,22.1,22.9,-11.2,3.9,-11.1,4,-12.7,2.6,-12.3,3,0
-16.80725081,-17.34909713,33.9,30.8,-11.2,3.9,-11.1,4,-12.7,2.6,-12.3,3,0
-16.81525085,-17.36636871,33.4,29.3,-11.2,3.9,-11.1,4,-12.7,2.6,-12.3,3,0
-16.7914402,-17.32206846,33.5,29.1,-11.2,3.9,-11.1,4,-12.7,2.6,-12.3,3,0
-16.75297392,-17.33211879,34,30,-11.2,3.9,-11.1,4,-12.7,2.6,-12.3,3,0
-16.8562402,-17.41272282,34.1,30,-11.2,3.9,-11.1,4,-12.7,2.6,-12.3,3,0
-16.80327466,-17.38394386,31.4,31.1,-11.2,3.9,-11.1,4,-12.7,2.6,-12.3,3,0
-16.77010089,-17.36985912,34.1,29.1,-11.2,3.9,-11.1,4,-12.7,2.6,-12.3,3,0
-16.83964231,-17.39106133,31.9,29.8,-11.3,3.9,-11.1,4,-12.7,2.6,-12.3,3,0
-16.83348844,-17.37336175,31.4,30.7,-11.2,3.9,-11.1,4,-12.7,2.6,-12.3,3,0
-16.7914402,-17.38394386,33.9,29.7,-11.2,3.9,-11.1,4,-12.7,2.6,-12.3,3,0
-16.78362766,-17.35597001,32,30.4,-11.2,3.9,-11.1,4,-12.7,2.6,-12.3,3,0
-17.14531794,-17.36636871,31.9,29.2,-11.2,3.9,-11.1,4,-12.7,2.6,-12.3,3,0
-16.81525085,-17.40183342,34.2,28.9,-11.2,3.9,-11.1,4,-12.7,2.6,-12.3,3,0
-16.82129317,-17.38040403,33.2,29.1,-11.2,3.9,-11.1,4,-12.7,2.6,-12.3,3,0
-16.89028604,-17.68831285,33.1,28.5,-11.2,3.9,-11.1,4,-12.7,2.6,-12.3,3,0
-16.83553552,-17.39106133,33.5,29.6,-11.2,3.9,-11.1,4,-12.7,2.6,-12.3,3,0
-16.82534176,-17.37687669,33.7,29.7,-11.2,3.9,-11.1,4,-12.7,2.6,-12.3,3,0
-16.8562402,-17.43113955,33.1,30,-11.2,3.9,-11.1,4,-12.7,2.6,-12.3,3,0
-16.84790682,-17.42742897,33.8,30.3,-11.2,3.9,-11.1,4,-12.7,2.6,-12.3,3,0
-16.80526076,-17.38749626,33.6,29.1,-11.2,3.9,-11.1,4,-12.7,2.6,-12.3,3,0
-16.82331541,-17.39463915,32.8,30.5,-11.2,3.9,-11.1,4,-12.7,2.6,-12.3,3,0
-16.83553552,-17.43860227,31.8,30,-11.2,3.9,-11.1,4,-12.7,2.6,-12.3,3,0
-16.78362766,-17.35597001,32,29.9,-11.2,3.9,-11.1,4,-12.7,2.6,-12.3,3,0
-16.7875263,-17.38394386,33.7,29.2,-11.3,3.9,-11.1,4,-12.7,2.6,-12.3,3,0
-16.76245267,-17.41272282,34.3,30.5,-11.2,3.9,-11,4,-12.7,2.6,-12.2,3,0
-17.06742624,-17.40183342,33.8,29.5,-11.2,3.9,-11.1,4,-12.7,2.6,-12.3,3,0
-16.74920744,-17.37336175,32.9,30.8,-11.3,3.9,-11.1,4,-12.7,2.6,-12.3,3,0
-16.76054972,-17.39822982,34.2,29.5,-11.3,3.9,-11.1,4,-12.7,2.6,-12.3,3,0
-16.79536948,-17.37687669,30.9,29.6,-11.2,3.9,-11.1,4,-12.7,2.6,-12.3,3,0
-16.8012925,-17.41637913,32.9,29.4,-11.2,3.9,-11.1,4,-12.7,2.6,-12.3,3,0
-16.7548625,-17.42004886,33.7,29.3,-11.2,3.9,-11.1,4,-12.7,2.6,-12.3,3,0
-16.77394705,-17.40545006,31.5,29.8,-11.3,3.9,-11.1,4,-12.7,2.6,-12.3,3,0
-16.7548625,-17.40183342,34.2,29,-11.2,3.9,-11.1,4,-12.7,2.6,-12.3,3,0
-16.75108891,-17.42004886,31.7,28.9,-11.2,3.9,-11.1,4,-12.7,2.6,-12.3,3,0
-16.74171677,-17.42004886,33,30.8,-11.2,3.9,-11.1,4,-12.7,2.6,-12.3,3,0
-16.79733993,-17.43486395,32.1,29.7,-21.3,0.7,-14.3,0.9,-15.8,0.7,-14.3,1.2,3
-13.79904683,-17.39822982,31.9,29.8,-21.3,0.7,-14.3,0.9,-15.8,0.7,-14.3,1.2,3
-12.12565462,-12.86702373,22.1,22.2,-21.3,0.7,-14.3,0.9,-15.8,0.7,-14.3,1.2,3
-12.14187793,-12.81963261,22.1,22.1,-21.3,0.7,-14.3,0.9,-15.8,0.7,-14.3,1.2,3
-12.12818611,-12.78015761,22,22,-21.3,0.7,-14.3,0.9,-15.8,0.7,-14.3,1.2,3
-12.11551922,-12.79036542,22.1,22.1,-21.3,0.7,-14.3,0.9,-15.8,0.7,-14.3,1.2,3
-12.13938643,-12.81705015,22.2,22.2,-21.3,0.7,-14.3,0.9,-15.8,0.7,-14.3,1.2,3
-12.15078932,-12.78814368,21.9,22.3,-21.3,0.7,-14.3,0.9,-15.8,0.7,-14.3,1.2,3
-12.13152191,-12.77813558,22,22.1,-21.3,0.7,-14.3,0.9,-15.8,0.7,-14.3,1.2,3
-12.15568376,-12.80187535,22.1,22.1,-21.3,0.7,-14.3,0.9,-15.8,0.7,-14.3,1.2,3
-12.16060227,-12.77994457,22.2,22.3,-21.3,0.7,-14.3,0.9,-15.8,0.7,-14.3,1.2,3
-12.1542395,-12.79108317,22.3,22,-21.3,0.7,-14.3,0.9,-15.8,0.7,-14.3,1.2,3
-12.14322931,-12.79568898,22.1,22.2,-21.3,0.7,-14.3,0.9,-15.8,0.7,-14.3,1.2,3
-12.17323766,-12.77350389,22.2,22.2,-21.3,0.7,-14.3,0.9,-15.8,0.7,-14.3,1.2,3
-12.15380283,-12.79183736,22.1,22.1,-21.3,0.7,-14.3,0.9,-15.8,0.7,-14.3,1.2,3
-12.15329046,-12.77888006,22.1,22.1,-21.3,0.7,-14.3,0.9,-15.8,0.7,-14.3,1.2,3
-12.16104192,-12.78589114,22.1,22.1,-21.3,0.7,-14.3,0.9,-15.8,0.7,-14.3,1.2,3
-12.16979858,-12.81058643,22.2,22.3,-21.3,0.7,-14.3,0.9,-15.8,0.7,-14.3,1.2,3
-12.14914426,-12.78939728,22.1,22.1,-21.3,0.7,-14.3,0.9,-15.8,0.7,-14.3,1.2,3
-12.13721845,-12.78724921,22.2,22.1,-11.3,3.9,-11.1,4,-12.7,2.6,-12.3,3,0
-13.66898891,-13.58686219,34.3,22.2,-11.3,3.9,-11.1,4,-12.7,2.6,-12.3,3,0
-16.77202212,-17.36985912,32.9,31,-11.2,3.9,-11.1,4,-12.7,2.6,-12.3,3,0
-16.76245267,-17.39822982,34,29,-11.3,3.9,-11.1,4,-12.7,2.6,-12.3,3,0
-16.78948134,-17.41272282,31.8,29.5,-11.2,3.9,-11.1,4,-12.7,2.6,-12.3,3,0
-16.79536948,-17.38394386,34.3,28.5,-11.2,3.9,-11.1,4,-12.7,2.6,-12.3,3,0
-16.77780806,-17.40907983,32.2,29.3,-11.2,3.9,-11.1,4,-12.7,2.6,-12.3,3,0
-16.78168403,-17.42004886,33.4,29.4,-11.2,3.9,-11.1,4,-12.7,2.6,-12.3,3,0
-16.80526076,-17.37336175,32.9,29.7,-11.2,3.9,-11.1,4,-12.7,2.6,-12.3,3,0
-16.7875263,-17.42004886,34.1,29.2,-11.2,3.9,-11.1,4,-12.7,2.6,-12.3,3,0
-16.81324483,-17.40183342,32.9,28.9,-11.2,3.9,-11.1,4,-12.7,2.6,-12.3,3,0
-16.82129317,-17.39106133,32.7,29.4,-11.2,3.9,-11.1,4,-12.7,2.6,-12.3,3,0
-16.79340291,-17.43860227,34.4,29.2,-11.2,3.9,-11.1,4,-12.7,2.6,-12.3,3,0
-16.73799237,-17.42004886,34.3,28.6,-11.2,3.9,-11.1,4,-12.7,2.6,-12.3,3,0
-16.74732951,-17.40907983,31.8,29.5,-11.2,3.9,-11.1,4,-12.7,2.6,-12.3,3,0
-16.72690168,-17.69313214,34.2,32.1,-11.2,3.9,-11.1,4,-12.7,2.6,-12.3,3,0
-16.77202212,-17.35942424,32.7,30.4,-11.2,3.9,-11.1,4,-12.7,2.6,-12.3,3,0
-16.76435925,-17.37336175,31.8,30.9,-11.2,3.9,-11.1,4,-12.7,2.6,-12.3,3,0
-16.75675465,-17.4536969,33.7,29.3,-11.2,3.9,-11.1,4,-12.7,2.6,-12.3,3,0
-17.02691437,-17.37336175,33.9,29.7,-11.3,3.9,-11.1,4,-12.7,2.6,-12.3,3,0
-16.71957564,-17.39463915,34.7,29.2,-11.3,3.9,-11.1,4,-12.7,2.6,-12.3,3,0
-16.77974416,-17.43486395,32.5,28.7,-11.3,3.9,-11.1,4,-12.7,2.6,-12.3,3,0
-16.76435925,-17.35597001,31.6,29.1,-11.3,3.9,-11.1,4,-12.7,2.6,-12.3,3,0
-17.04696517,-17.6552129,34.1,29.2,-11.2,3.9,-11.1,4,-12.7,2.6,-12.3,3,0
-16.75675465,-17.38040403,31.3,29.1,-11.2,3.9,-11.1,4,-12.7,2.6,-12.3,3,0
-16.7914402,-17.35252766,33.4,29.8,-11.3,3.9,-11.1,4,-12.7,2.6,-12.3,3,0
-16.76054972,-17.35597001,33.8,29.5,-11.2,3.9,-11.1,4,-12.7,2.6,-12.3,3,0
-16.72690168,-17.65057252,33,29.4,-11.2,3.9,-11.1,4,-12.7,2.6,-12.3,3,0
-16.79536948,-17.37687669,32.1,28.9,-11.2,3.9,-11.1,4,-12.7,2.6,-12.3,3,0
-16.76054972,-17.38394386,33.9,29.1,-11.2,3.9,-11.1,4,-12.7,2.6,-12.3,3,0
-16.73428179,-17.36289045,31.5,30,-11.3,3.9,-11.1,4,-12.7,2.6,-12.3,2.9,0
-16.80725081,-17.6552129,34.2,30.8,-11.2,3.9,-11.1,4,-12.7,2.6,-12.3,3,0
-16.77394705,-17.42742897,34.2,30,-11.2,3.9,-11.1,4,-12.7,2.6,-12.3,3,0
-16.74732951,-17.36636871,33.7,29,-11.2,3.9,-11.1,4,-12.7,2.6,-12.3,3,0
-16.76054972,-17.37687669,33.1,30.8,-11.3,3.9,-11.1,4,-12.7,2.6,-12.3,3,0
-16.79733993,-17.39106133,31.3,30.2,-11.2,3.9,-11.1,4,-12.7,2.6,-12.3,3,0
-16.76626947,-17.37336175,32.8,29.5,-11.3,3.9,-11.1,4,-12.7,2.6,-12.3,3,0
-16.77202212,-17.35597001,32.4,29.7,-21.3,0.7,-14.3,0.9,-15.8,0.7,-14.3,1.2,3
-12.63611737,-13.76862697,33.5,30,-21.3,0.7,-14.3,0.9,-15.8,0.7,-14.3,1.2,3
-12.16186439,-12.776896,22.3,22.3,-21.3,0.7,-14.3,0.9,-15.8,0.7,-14.3,1.2,3
-12.16862273,-12.76584345,22,21.9,-21.3,0.7,-14.3,0.9,-15.8,0.7,-14.3,1.2,3
-12.17880773,-12.78792893,22.3,22.2,-21.3,0.7,-14.3,0.9,-15.8,0.7,-14.3,1.2,3
-12.47439663,-12.76661386,22.5,22,-21.3,0.7,-14.3,0.9,-15.8,0.7,-14.3,1.2,3
-12.16508426,-12.76126822,22.2,22.1,-21.3,0.7,-14.3,0.9,-15.8,0.7,-14.3,1.2,3
-12.1673713,-12.78524849,22.2,22,-21.3,0.7,-14.3,0.9,-15.8,0.7,-14.3,1.2,3
-12.20070707,-13.0420284,22.2,22.3,-21.3,0.7,-14.3,0.9,-15.8,0.7,-14.3,1.2,3
-12.18844886,-12.77877367,22.3,22.3,-21.3,0.7,-14.3,0.9,-15.8,0.7,-14.3,1.2,3
-12.17775733,-12.77033421,22.2,22.2,-21.3,0.7,-14.3,0.9,-15.8,0.7,-14.3,1.2,3
-12.18992374,-12.75924921,22.2,22.1,-21.3,0.7,-14.3,0.9,-15.8,0.7,-14.3,1.2,3
-12.18960892,-12.76938526,22,22,-21.3,0.7,-14.3,0.9,-15.8,0.7,-14.3,1.2,3
-12.16989502,-12.75359683,22.1,22.2,-21.3,0.7,-14.3,0.9,-15.8,0.7,-14.3,1.2,3
-12.1726959,-12.75851919,22.2,22.1,-21.3,0.7,-14.3,0.9,-15.8,0.7,-14.3,1.2,3
-12.18615238,-12.78507005,22.3,21.9,-21.3,0.7,-14.3,0.9,-15.8,0.7,-14.3,1.2,3
-12.1501461,-12.75456552,22.3,22.2,-21.3,0.7,-14.3,0.9,-15.8,0.7,-14.3,1.2,3
-12.16758297,-12.76706939,22.1,22.1,-21.3,0.7,-14.3,0.9,-15.8,0.7,-14.3,1.2,3
-12.17140072,-12.79399532,22,22,-21.3,0.7,-14.3,0.9,-15.8,0.7,-14.3,1.2,3
-12.44816968,-12.77184736,22.3,22,-11.2,3.9,-11.1,4,-12.7,2.6,-12.3,3,0
-14.32616953,-13.82545989,26.3,27.6,-11.2,3.9,-11.1,4,-12.7,2.6,-12.3,3,0
-16.76054972,-17.40907983,33.2,29.5,-11.2,3.9,-11.1,4,-12.7,2.6,-12.3,3,0
-16.74920744,-17.35597001,33.7,28.9,-11.2,3.9,-11.1,4,-12.7,2.6,-12.3,3,0
-16.76054972,-17.36636871,34.1,29.5,-11.2,3.9,-11.1,4,-12.7,2.6,-12.3,3,0
-16.77010089,-17.42373211,32.6,29.4,-11.2,3.9,-11.1,4,-12.7,2.6,-12.2,3,0
-16.77974416,-17.40183342,32.1,30.1,-11.3,3.9,-11.1,4,-12.7,2.6,-12.3,3,0
-16.77780806,-17.37687669,32.1,29.6,-11.2,3.9,-11.1,4,-12.7,2.6,-12.3,3,0
-16.83964231,-17.43113955,32.5,30.7,-11.2,3.9,-11.1,4,-12.7,2.6,-12.3,3,0
-16.81324483,-17.42373211,31.1,29.3,-11.2,3.9,-11.1,4,-12.7,2.6,-12.3,3,0
-16.76435925,-17.39463915,32.8,29.3,-11.2,3.9,-11.1,4,-12.7,2.6,-12.3,3,0
-16.72506514,-17.46133052,34.6,30,-11.2,3.9,-11.1,4,-12.7,2.6,-12.3,3,0
-16.76626947,-17.42373211,32.5,29.9,-11.2,3.9,-11.1,4,-12.7,2.6,-12.3,3,0
-16.73613536,-17.43860227,34.1,29.1,-11.2,3.9,-11.1,4,-12.7,2.6,-12.2,3,0
-17.04191465,-17.42004886,31.9,30.1,-11.2,3.9,-11.1,4,-12.7,2.6,-12.3,3,0
-16.78557508,-17.44235462,34,29,-11.2,3.9,-11.1,4,-12.7,2.6,-12.3,3,0
-16.78557508,-17.41272282,31.6,29.2,-11.2,3.9,-11.1,4,-12.7,2.6,-12.3,3,0
-16.76435925,-17.70773094,34.2,29.5,-11.2,3.9,-11.1,4,-12.7,2.6,-12.3,3,0
-16.80725081,-17.36636871,32.8,30.4,-11.2,3.9,-11.1,4,-12.7,2.6,-12.2,3,0
-14.71962571,-17.43113955,32.4,29.3,-21.3,0.7,-14.3,0.9,-15.8,0.7,-14.3,1.2,3
-12.15095966,-12.9951582,22.3,24.1,-21.3,0.7,-14.3,0.9,-15.8,0.7,-14.3,1.2,3
-12.15560769,-12.79908494,22.3,22.3,-21.3,0.7,-14.3,0.9,-15.8,0.7,-14.3,1.2,3
-12.16320475,-12.8154303,22.4,22.3,-21.3,0.7,-14.3,0.9,-15.8,0.7,-14.3,1.2,3
-12.15005154,-12.78507005,22.3,22.3,-21.3,0.7,-14.3,0.9,-15.8,0.7,-14.3,1.2,3
-12.15728248,-12.78528418,22.2,22,-21.3,0.7,-14.3,0.9,-15.8,0.6,-14.3,1.2,3
-12.17536887,-12.81952179,22.3,22,-21.3,0.7,-14.3,0.9,-15.8,0.7,-14.3,1.2,3
-12.18880263,-12.78136568,22.1,22,-21.3,0.7,-14.3,0.9,-15.8,0.7,-14.3,1.2,3
-12.16877686,-12.77664827,22.1,22.2,-21.3,0.7,-14.3,0.9,-15.8,0.7,-14.3,1.2,3
-12.19335387,-12.79522024,22.2,22,-21.3,0.7,-14.3,0.9,-15.8,0.7,-14.3,1.2,3
-12.23810009,-12.77188258,22.2,22.1,-21.3,0.7,-14.3,0.9,-15.8,0.7,-14.3,1.2,3
-12.19804495,-12.77272815,22.1,22.2,-21.3,0.7,-14.3,0.9,-15.8,0.7,-14.3,1.2,3
-12.1836069,-13.05840315,22.2,22.1,-21.3,0.7,-14.3,0.9,-15.8,0.7,-14.3,1.2,3
-12.19313668,-12.77149526,22.1,22.1,-21.3,0.7,-14.3,0.9,-15.8,0.7,-14.3,1.2,3
-12.16328139,-12.78179241,22.2,22,-21.3,0.7,-14.3,0.9,-15.8,0.7,-14.3,1.2,3
-12.15783501,-12.77856093,22.1,22.1,-21.3,0.7,-14.3,0.9,-15.8,0.7,-14.3,1.2,3
-12.19353161,-12.77678983,22,22.3,-21.3,0.7,-14.3,0.9,-15.8,0.7,-14.3,1.2,3
-12.17806845,-12.79771072,22.3,21.9,-21.3,0.7,-14.3,0.9,-15.8,0.7,-14.3,1.2,3
-12.44392383,-12.77371556,21.9,22.1,-11.3,3.9,-11.1,4,-12.7,2.6,-12.3,3,0
-12.60900097,-12.90294676,22.3,22.3,-11.2,3.9,-11.1,4,-12.7,2.6,-12.3,3,0
-16.78168403,-17.40545006,32.2,29.8,-11.3,3.9,-11.1,4,-12.7,2.6,-12.3,3,0
-16.74545509,-17.33549148,33.9,29.5,-11.3,3.9,-11.1,4,-12.7,2.6,-12.3,3,0
-16.75108891,-17.34227116,31.1,30.2,-11.2,3.9,-11.1,4,-12.7,2.6,-12.3,3,0
-16.7914402,-17.41637913,33.7,30.6,-11.3,3.9,-11.1,4,-12.7,2.6,-12.3,3,0
-16.77974416,-17.35252766,34.2,29.4,-11.2,3.9,-11.1,4,-12.7,2.6,-12.3,3,0
-16.78557508,-17.35597001,33.1,29.2,-11.2,3.9,-11.1,4,-12.7,2.6,-12.3,3,0
-16.80327466,-17.39463915,32.4,29.5,-11.2,3.9,-11.1,4,-12.7,2.6,-12.3,3,0
-16.82737221,-17.32875744,31,29.6,-11.2,3.9,-11.1,4,-12.7,2.6,-12.3,3,0
-16.75297392,-17.31211812,35,29.2,-11.2,3.9,-11.1,4,-12.7,2.6,-12.3,3,0
-16.75865038,-17.37687669,32.2,30,-11.3,3.9,-11.1,4,-12.7,2.6,-12.3,3,0
-16.81124283,-17.35252766,34.4,29.3,-11.2,3.9,-11.1,4,-12.7,2.6,-12.3,3,0
-16.73985284,-17.38749626,31.3,29.4,-11.2,3.9,-11.1,4,-12.7,2.6,-12.3,3,0
-16.74358418,-17.35252766,34,29.8,-11.2,3.9,-11.1,4,-12.7,2.6,-12.3,3,0
-16.76435925,-17.33887557,34.5,29.1,-11.2,3.9,-11.1,4,-12.7,2.6,-12.3,3,0
-16.77394705,-17.37336175,33,28.8,-11.2,3.9,-11.1,4,-12.7,2.6,-12.3,3,0
-16.76054972,-17.36636871,33,29.7,-11.2,3.9,-11.1,4,-12.7,2.6,-12.3,3,0
-16.76435925,-17.34227116,34,29.8,-11.2,3.9,-11.1,4,-12.7,2.6,-12.3,3,0
-17.07001356,-17.36636871,33.2,29.3,-11.3,3.9,-11.1,4,-12.7,2.6,-12.3,3,0
-16.76245267,-17.33549148,34.6,29.6,-11.2,3.9,-11.1,4,-12.7,2.6,-12.3,3,0
-16.80725081,-17.29575115,34.4,29.4,-11.2,3.9,-11.1,4,-12.7,2.6,-12.3,3,0
-16.80725081,-17.36636871,32.7,29.9,-11.3,3.9,-11.1,4,-12.7,2.6,-12.3,3,0
-16.80327466,-17.30553915,34.6,29.3,-11.2,3.9,-11.1,4,-12.7,2.6,-12.3,3,0
-16.80327466,-17.29250965,30.9,31.7,-11.2,3.9,-11.1,4,-12.7,2.6,-12.3,3,0
-16.8012925,-17.36636871,33.7,29.4,-11.2,3.9,-11.1,4,-12.7,2.6,-12.3,3,0
-16.80725081,-17.31211812,34.9,29.3,-11.2,3.9,-11.1,4,-12.7,2.6,-12.3,3,0
-16.78948134,-17.28605802,32.3,30.4,-11.2,3.9,-11.1,4,-12.7,2.6,-12.3,3,0
-16.84998366,-17.33887557,33.2,29.5,-11.2,3.9,-11.1,4,-12.7,2.6,-12.3,3,0
-16.81525085,-17.31211812,34.1,30,-11.2,3.9,-11.1,4,-12.7,2.6,-12.3,3,0
-16.77974416,-17.27010872,32.3,29.7,-11.2,3.9,-11.1,4,-12.7,2.6,-12.3,3,0
-16.82129317,-17.31874067,34,29.6,-11.2,3.9,-11.1,4,-12.7,2.6,-12.3,3,0
-16.80327466,-17.28927863,34.1,29.4,-11.2,3.9,-11.1,4,-12.7,2.6,-12.3,3,0
-16.78362766,-17.31874067,34.1,29,-11.2,3.9,-11.1,4,-12.7,2.6,-12.3,2.9,0
-16.81324483,-17.31874067,33.8,29.1,-11.2,3.9,-11.1,4,-12.7,2.6,-12.3,3,0
-16.84583428,-17.28284774,34.5,29.2,-11.2,3.9,-11.1,4,-12.7,2.6,-12.3,3,0
-16.80327466,-17.33549148,31.5,29.8,-11.2,3.9,-11.1,4,-12.7,2.6,-12.3,3,0
-16.80725081,-17.35942424,33.7,29.7,-11.2,3.9,-11.1,4,-12.7,2.6,-12.3,3,0
-17.1232176,-17.35252766,34.4,29.9,-11.2,3.9,-11.1,4,-12.7,2.6,-12.3,3,0
-16.82737221,-17.36985912,33.7,29.6,-11.2,3.9,-11.1,4,-12.7,2.6,-12.3,3,0
-16.80327466,-17.38394386,34,29.5,-11.2,3.9,-11.1,4,-12.7,2.6,-12.3,3,0
-16.83553552,-17.36289045,33.8,29.8,-11.2,3.9,-11.1,4,-12.7,2.6,-12.3,2.9,0
-16.79536948,-17.40907983,32.7,28.8,-11.2,3.9,-11.1,4,-12.7,2.6,-12.3,3,0
-16.77010089,-17.36289045,34,29.1,-11.2,3.9,-11.1,4,-12.7,2.6,-12.3,3,0
-16.78948134,-17.36985912,31.6,30.3,-11.2,3.9,-11.1,4,-12.7,2.6,-12.3,3,0
-16.81324483,-17.38040403,33.3,31.2,-11.2,3.9,-11.1,4,-12.7,2.6,-12.3,3,0
-16.80327466,-17.36985912,33.5,30,-11.2,3.9,-11.1,4,-12.7,2.6,-12.3,3,0
-16.7914402,-17.36636871,34,29.1,-11.3,3.9,-11.1,4,-12.7,2.6,-12.3,2.9,0
-16.80526076,-17.39463915,32.7,30.2,-11.2,3.9,-11,4,-12.7,2.6,-12.3,3,0
-16.83348844,-17.30882323,31.9,32,-11.2,3.9,-11.1,4,-12.7,2.6,-12.3,3,0
-16.82534176,-17.33887557,33,31,-11.2,3.9,-11.1,4,-12.7,2.6,-12.3,3,0
-16.82331541,-17.39463915,33.6,29.3,-11.2,3.9,-11.1,4,-12.7,2.6,-12.2,3,0
-16.83553552,-17.35942424,32.1,29.7,-11.2,3.9,-11.1,4,-12.7,2.6,-12.3,3,0
-16.79733993,-17.38040403,31.5,29.4,-11.3,3.9,-11.1,4,-12.7,2.6,-12.3,2.9,0
-16.79733993,-17.37336175,31,30.2,-11.3,3.9,-11.1,4,-12.7,2.6,-12.3,3,0
-16.74732951,-17.36985912,32.6,29.4,-11.2,3.9,-11.1,4,-12.7,2.6,-12.3,3,0
-16.72690168,-17.36289045,34.1,29,-11.2,3.9,-11.1,4,-12.7,2.6,-12.3,3,0
-13.8244504,-17.36289045,32.6,30.4,-21.3,0.7,-14.3,0.9,-15.8,0.7,-14.3,1.2,3
-12.15429647,-12.87218849,22.1,22,-21.3,0.7,-14.3,0.9,-15.8,0.7,-14.3,1.2,3
-12.14067824,-12.80576591,22.3,22.2,-21.3,0.7,-14.3,0.9,-15.8,0.7,-14.3,1.2,3
-12.14253462,-12.78954065,22,22.1,-21.3,0.7,-14.3,0.9,-15.8,0.7,-14.3,1.2,3
-12.17302479,-12.79623012,22.3,22.2,-21.3,0.7,-14.3,0.9,-15.8,0.7,-14.3,1.2,3
-12.18022948,-12.81296874,22.1,22.1,-21.3,0.7,-14.3,0.9,-15.8,0.7,-14.3,1.2,3
-12.16391394,-12.79273594,22,22.2,-21.3,0.7,-14.3,0.9,-15.8,0.7,-14.3,1.2,3
-12.17787399,-12.81044001,22.4,22.1,-21.3,0.7,-14.3,0.9,-15.8,0.7,-14.3,1.2,3
-12.19014024,-12.82329636,22.2,22.1,-21.3,0.7,-14.3,0.9,-15.8,0.7,-14.3,1.2,3
-12.1688154,-12.80638544,22,22,-21.3,0.7,-14.3,0.9,-15.8,0.7,-14.3,1.2,3
-12.16889247,-12.79500397,22.1,21.9,-21.3,0.7,-14.3,0.9,-15.8,0.7,-14.3,1.2,3
-12.17849639,-12.82850045,22.1,22,-21.3,0.7,-14.3,0.9,-15.8,0.7,-14.3,1.2,3
-12.16077428,-12.8099643,22.2,22.1,-21.3,0.7,-14.3,0.9,-15.8,0.7,-14.3,1.2,3
-12.16358803,-12.80387328,22.2,22.2,-21.3,0.7,-14.3,0.9,-15.8,0.7,-14.3,1.2,3
-12.17451584,-12.82274038,22.4,22.1,-21.3,0.7,-14.3,0.9,-15.8,0.7,-14.3,1.2,3
-12.17935282,-12.81282197,21.9,22.1,-21.3,0.7,-14.3,0.9,-15.8,0.7,-14.3,1.2,3
-12.1763391,-12.80216571,22.3,22.1,-21.3,0.7,-14.3,0.9,-15.8,0.6,-14.3,1.2,3
-12.19102641,-13.10521132,22.2,22.2,-21.3,0.7,-14.3,0.9,-15.8,0.7,-14.3,1.2,3
-16.71957564,-17.04950002,30.5,28.4,-11.1,4,-10.8,4.3,-12.4,2.8,-12.1,3.2,0
-16.74358418,-17.01213577,31,30.3,-11.1,4,-10.8,4.3,-12.4,2.8,-12.1,3.1,0
-16.77780806,-17.0726076,32.2,28.5,-11.1,4.1,-10.8,4.3,-12.4,2.8,-12.1,3.2,0
-16.81124283,-17.09360574,31,28.5,-11.1,4,-10.8,4.3,-12.4,2.8,-12.1,3.1,0
-16.74732951,-17.03688951,31.2,28.7,-11.1,4,-10.8,4.3,-12.4,2.8,-12.1,3.2,0
-16.78557508,-17.04191465,30.6,28.9,-11.1,4.1,-10.8,4.3,-12.4,2.8,-12.1,3.2,0
-16.8294068,-17.03939892,31.7,29.3,-11.1,4,-10.8,4.3,-12.4,2.8,-12.1,3.1,0
-16.8012925,-17.01949777,31.7,29.3,-11.1,4,-10.8,4.3,-12.4,2.8,-12.1,3.2,0
-16.84376602,-17.06227159,31.4,29.4,-11.1,4,-10.8,4.3,-12.4,2.8,-12.1,3.2,0